Name,Price,URL
"Libertarianism for Beginners","£51.33","http://books.toscrape.com/catalogue/its-only-the-himalayas_981/index.html"
"Olio","£23.88","http://books.toscrape.com/catalogue/its-only-the-himalayas_981/index.html"
"Our Band Could Be ...","£57.25","http://books.toscrape.com/catalogue/its-only-the-himalayas_981/index.html"
"Rip it Up and ...","£35.02","http://books.toscrape.com/catalogue/its-only-the-himalayas_981/index.html"
"Scott Pilgrim's Precious Little ...","£52.29","http://books.toscrape.com/catalogue/its-only-the-himalayas_981/index.html"
"Scott Pilgrim's Precious Little ...","£52.29","http://books.toscrape.com/catalogue/our-band-could-be-your-life-scenes-from-the-american-indie-underground-1981-1991_985/index.html"
"The Black Maria","£52.15","http://books.toscrape.com/catalogue/our-band-could-be-your-life-scenes-from-the-american-indie-underground-1981-1991_985/index.html"
"Olio","£23.88","http://books.toscrape.com/catalogue/mesaerion-the-best-science-fiction-stories-1800-1849_983/index.html"
"Rip it Up and ...","£35.02","http://books.toscrape.com/catalogue/mesaerion-the-best-science-fiction-stories-1800-1849_983/index.html"
"Mesaerion: The Best Science ...","£37.59","http://books.toscrape.com/catalogue/libertarianism-for-beginners_982/index.html"
"Olio","£23.88","http://books.toscrape.com/catalogue/libertarianism-for-beginners_982/index.html"
"Our Band Could Be ...","£57.25","http://books.toscrape.com/catalogue/libertarianism-for-beginners_982/index.html"
"Rip it Up and ...","£35.02","http://books.toscrape.com/catalogue/libertarianism-for-beginners_982/index.html"
"Scott Pilgrim's Precious Little ...","£52.29","http://books.toscrape.com/catalogue/libertarianism-for-beginners_982/index.html"
"Set Me Free","£17.46","http://books.toscrape.com/catalogue/libertarianism-for-beginners_982/index.html"
"Alice in Wonderland (Alice's ...","£55.53","http://books.toscrape.com/catalogue/sophies-world_966/index.html"
"Emma","£32.93","http://books.toscrape.com/catalogue/sophies-world_966/index.html"
"Sense and Sensibility","£37.46","http://books.toscrape.com/catalogue/sophies-world_966/index.html"
"The Story of Hong ...","£43.19","http://books.toscrape.com/catalogue/sophies-world_966/index.html"
"Alice in Wonderland (Alice's ...","£55.53","http://books.toscrape.com/catalogue/the-death-of-humanity-and-the-case-for-life_932/index.html"
"Of Mice and Men","£47.11","http://books.toscrape.com/catalogue/the-death-of-humanity-and-the-case-for-life_932/index.html"
"The Little Prince","£45.42","http://books.toscrape.com/catalogue/the-death-of-humanity-and-the-case-for-life_932/index.html"
"How Music Works","£37.32","http://books.toscrape.com/catalogue/category/books_1/page-2.html"
"Black Dust","£34.53","http://books.toscrape.com/catalogue/category/books_1/page-2.html"
"America's Cradle of Quarterbacks: ...","£22.50","http://books.toscrape.com/catalogue/category/books_1/page-2.html"
"Worlds Elsewhere: Journeys Around ...","£40.30","http://books.toscrape.com/catalogue/category/books_1/page-2.html"
"The Four Agreements: A ...","£17.66","http://books.toscrape.com/catalogue/category/books_1/page-2.html"
"The Elephant Tree","£23.82","http://books.toscrape.com/catalogue/category/books_1/page-2.html"
"Penny Maybe","£33.29","http://books.toscrape.com/catalogue/category/books_1/page-2.html"
"Sophie's World","£15.94","http://books.toscrape.com/catalogue/the-stranger_861/index.html"
"Alice in Wonderland (Alice's ...","£55.53","http://books.toscrape.com/catalogue/the-stranger_861/index.html"
"Of Mice and Men","£47.11","http://books.toscrape.com/catalogue/the-stranger_861/index.html"
"Sense and Sensibility","£37.46","http://books.toscrape.com/catalogue/the-stranger_861/index.html"
"The Stranger","£17.44","http://books.toscrape.com/catalogue/proofs-of-god-classical-arguments-from-tertullian-to-barth_538/index.html"
"The Death of Humanity: ...","£58.11","http://books.toscrape.com/catalogue/proofs-of-god-classical-arguments-from-tertullian-to-barth_538/index.html"
"Sophie's World","£15.94","http://books.toscrape.com/catalogue/proofs-of-god-classical-arguments-from-tertullian-to-barth_538/index.html"
"Alice in Wonderland (Alice's ...","£55.53","http://books.toscrape.com/catalogue/proofs-of-god-classical-arguments-from-tertullian-to-barth_538/index.html"
"Emma","£32.93","http://books.toscrape.com/catalogue/proofs-of-god-classical-arguments-from-tertullian-to-barth_538/index.html"
"Of Mice and Men","£47.11","http://books.toscrape.com/catalogue/proofs-of-god-classical-arguments-from-tertullian-to-barth_538/index.html"
"At The Existentialist Café: ...","£29.93","http://books.toscrape.com/catalogue/critique-of-pure-reason_366/index.html"
"The Stranger","£17.44","http://books.toscrape.com/catalogue/critique-of-pure-reason_366/index.html"
"Critique of Pure Reason","£20.75","http://books.toscrape.com/catalogue/run-spot-run-the-ethics-of-keeping-pets_106/index.html"
"Proofs of God: Classical ...","£54.21","http://books.toscrape.com/catalogue/run-spot-run-the-ethics-of-keeping-pets_106/index.html"
"Run, Spot, Run: The ...","£20.02","http://books.toscrape.com/catalogue/the-nicomachean-ethics_75/index.html"
"At The Existentialist Café: ...","£29.93","http://books.toscrape.com/catalogue/the-nicomachean-ethics_75/index.html"
"Proofs of God: Classical ...","£54.21","http://books.toscrape.com/catalogue/the-nicomachean-ethics_75/index.html"
"The Stranger","£17.44","http://books.toscrape.com/catalogue/the-nicomachean-ethics_75/index.html"
"Meditations","£25.89","http://books.toscrape.com/catalogue/beyond-good-and-evil_6/index.html"
"The Nicomachean Ethics","£36.34","http://books.toscrape.com/catalogue/beyond-good-and-evil_6/index.html"
"Run, Spot, Run: The ...","£20.02","http://books.toscrape.com/catalogue/beyond-good-and-evil_6/index.html"
"Critique of Pure Reason","£20.75","http://books.toscrape.com/catalogue/beyond-good-and-evil_6/index.html"
"At The Existentialist Café: ...","£29.93","http://books.toscrape.com/catalogue/beyond-good-and-evil_6/index.html"
"Kierkegaard: A Christian Missionary ...","£47.13","http://books.toscrape.com/catalogue/beyond-good-and-evil_6/index.html"
"The Nicomachean Ethics","£36.34","http://books.toscrape.com/catalogue/meditations_33/index.html"
"Chase Me (Paris Nights ...","£25.27","http://books.toscrape.com/catalogue/page-2.html"
"Aladdin and His Wonderful ...","£53.13","http://books.toscrape.com/catalogue/page-2.html"
"Worlds Elsewhere: Journeys Around ...","£40.30","http://books.toscrape.com/catalogue/page-2.html"
"Wall and Piece","£44.18","http://books.toscrape.com/catalogue/page-2.html"
"The Four Agreements: A ...","£17.66","http://books.toscrape.com/catalogue/page-2.html"
"The Five Love Languages: ...","£31.05","http://books.toscrape.com/catalogue/page-2.html"
"The Bear and the ...","£36.89","http://books.toscrape.com/catalogue/page-2.html"
"Penny Maybe","£33.29","http://books.toscrape.com/catalogue/page-2.html"
"You can't bury them ...","£33.63","http://books.toscrape.com/catalogue/page-2.html"
"Proofs of God: Classical ...","£54.21","http://books.toscrape.com/catalogue/kierkegaard-a-christian-missionary-to-christians_527/index.html"
"The Stranger","£17.44","http://books.toscrape.com/catalogue/kierkegaard-a-christian-missionary-to-christians_527/index.html"
"The Death of Humanity: ...","£58.11","http://books.toscrape.com/catalogue/kierkegaard-a-christian-missionary-to-christians_527/index.html"
"Sophie's World","£15.94","http://books.toscrape.com/catalogue/kierkegaard-a-christian-missionary-to-christians_527/index.html"
"Alice in Wonderland (Alice's ...","£55.53","http://books.toscrape.com/catalogue/kierkegaard-a-christian-missionary-to-christians_527/index.html"
"Emma","£32.93","http://books.toscrape.com/catalogue/kierkegaard-a-christian-missionary-to-christians_527/index.html"
"Kierkegaard: A Christian Missionary ...","£47.13","http://books.toscrape.com/catalogue/at-the-existentialist-cafe-freedom-being-and-apricot-cocktails-with-jean-paul-sartre-simone-de-beauvoir-albert-camus-martin-heidegger-edmund-husserl-karl-jaspers-maurice-merleau-ponty-and-others_459/index.html"
"Proofs of God: Classical ...","£54.21","http://books.toscrape.com/catalogue/at-the-existentialist-cafe-freedom-being-and-apricot-cocktails-with-jean-paul-sartre-simone-de-beauvoir-albert-camus-martin-heidegger-edmund-husserl-karl-jaspers-maurice-merleau-ponty-and-others_459/index.html"
"The Stranger","£17.44","http://books.toscrape.com/catalogue/at-the-existentialist-cafe-freedom-being-and-apricot-cocktails-with-jean-paul-sartre-simone-de-beauvoir-albert-camus-martin-heidegger-edmund-husserl-karl-jaspers-maurice-merleau-ponty-and-others_459/index.html"
"Sophie's World","£15.94","http://books.toscrape.com/catalogue/at-the-existentialist-cafe-freedom-being-and-apricot-cocktails-with-jean-paul-sartre-simone-de-beauvoir-albert-camus-martin-heidegger-edmund-husserl-karl-jaspers-maurice-merleau-ponty-and-others_459/index.html"
"Alice in Wonderland (Alice's ...","£55.53","http://books.toscrape.com/catalogue/at-the-existentialist-cafe-freedom-being-and-apricot-cocktails-with-jean-paul-sartre-simone-de-beauvoir-albert-camus-martin-heidegger-edmund-husserl-karl-jaspers-maurice-merleau-ponty-and-others_459/index.html"
"Private Paris (Private #10)","£47.61","http://books.toscrape.com/catalogue/we-love-you-charlie-freeman_954/index.html"
"I've Got Your Number","£19.69","http://books.toscrape.com/catalogue/we-love-you-charlie-freeman_954/index.html"
"We Love You, Charlie ...","£50.27","http://books.toscrape.com/catalogue/the-murder-that-never-was-forensic-instincts-5_939/index.html"
"Private Paris (Private #10)","£47.61","http://books.toscrape.com/catalogue/the-murder-that-never-was-forensic-instincts-5_939/index.html"
"Bridget Jones's Diary (Bridget ...","£29.82","http://books.toscrape.com/catalogue/the-murder-that-never-was-forensic-instincts-5_939/index.html"
"I've Got Your Number","£19.69","http://books.toscrape.com/catalogue/the-murder-that-never-was-forensic-instincts-5_939/index.html"
"The Murder That Never ...","£54.11","http://books.toscrape.com/catalogue/tuesday-nights-in-1980_870/index.html"
"Thirst","£17.27","http://books.toscrape.com/catalogue/tuesday-nights-in-1980_870/index.html"
"Private Paris (Private #10)","£47.61","http://books.toscrape.com/catalogue/tuesday-nights-in-1980_870/index.html"
"The Edge of Reason ...","£19.18","http://books.toscrape.com/catalogue/tuesday-nights-in-1980_870/index.html"
"Beyond Good and Evil","£43.38","http://books.toscrape.com/catalogue/black-dust_976/index.html"
"Run, Spot, Run: The ...","£20.02","http://books.toscrape.com/catalogue/black-dust_976/index.html"
"Finders Keepers (Bill Hodges ...","£53.53","http://books.toscrape.com/catalogue/the-time-keeper_766/index.html"
"The Regional Office Is ...","£51.36","http://books.toscrape.com/catalogue/the-time-keeper_766/index.html"
"The Vacationers","£42.15","http://books.toscrape.com/catalogue/the-time-keeper_766/index.html"
"The Murder That Never ...","£54.11","http://books.toscrape.com/catalogue/the-time-keeper_766/index.html"
"Thirst","£17.27","http://books.toscrape.com/catalogue/the-time-keeper_766/index.html"
"The Murder That Never ...","£54.11","http://books.toscrape.com/catalogue/the-vacationers_863/index.html"
"We Love You, Charlie ...","£50.27","http://books.toscrape.com/catalogue/the-vacationers_863/index.html"
"Bridget Jones's Diary (Bridget ...","£29.82","http://books.toscrape.com/catalogue/the-vacationers_863/index.html"
"Thirst","£17.27","http://books.toscrape.com/catalogue/the-regional-office-is-under-attack_858/index.html"
"We Love You, Charlie ...","£50.27","http://books.toscrape.com/catalogue/the-regional-office-is-under-attack_858/index.html"
"Private Paris (Private #10)","£47.61","http://books.toscrape.com/catalogue/the-regional-office-is-under-attack_858/index.html"
"Chase Me (Paris Nights ...","£25.27","http://books.toscrape.com/catalogue/her-backup-boyfriend-the-sorensen-family-1_896/index.html"
"Beyond Good and Evil","£43.38","http://books.toscrape.com/catalogue/her-backup-boyfriend-the-sorensen-family-1_896/index.html"
"The Nicomachean Ethics","£36.34","http://books.toscrape.com/catalogue/her-backup-boyfriend-the-sorensen-family-1_896/index.html"
"Run, Spot, Run: The ...","£20.02","http://books.toscrape.com/catalogue/her-backup-boyfriend-the-sorensen-family-1_896/index.html"
"The Time Keeper","£27.88","http://books.toscrape.com/catalogue/the-testament-of-mary_765/index.html"
"The Regional Office Is ...","£51.36","http://books.toscrape.com/catalogue/the-testament-of-mary_765/index.html"
"Tuesday Nights in 1980","£21.04","http://books.toscrape.com/catalogue/the-testament-of-mary_765/index.html"
"Her Backup Boyfriend (The ...","£33.97","http://books.toscrape.com/catalogue/fifty-shades-darker-fifty-shades-2_892/index.html"
"Chase Me (Paris Nights ...","£25.27","http://books.toscrape.com/catalogue/fifty-shades-darker-fifty-shades-2_892/index.html"
"Meditations","£25.89","http://books.toscrape.com/catalogue/fifty-shades-darker-fifty-shades-2_892/index.html"
"The Time Keeper","£27.88","http://books.toscrape.com/catalogue/the-first-hostage-jb-collins-2_749/index.html"
"Finders Keepers (Bill Hodges ...","£53.53","http://books.toscrape.com/catalogue/the-first-hostage-jb-collins-2_749/index.html"
"The Vacationers","£42.15","http://books.toscrape.com/catalogue/the-first-hostage-jb-collins-2_749/index.html"
"Her Backup Boyfriend (The ...","£33.97","http://books.toscrape.com/catalogue/first-and-first-five-boroughs-3_893/index.html"
"Chase Me (Paris Nights ...","£25.27","http://books.toscrape.com/catalogue/first-and-first-five-boroughs-3_893/index.html"
"Meditations","£25.89","http://books.toscrape.com/catalogue/first-and-first-five-boroughs-3_893/index.html"
"The Nicomachean Ethics","£36.34","http://books.toscrape.com/catalogue/first-and-first-five-boroughs-3_893/index.html"
"The First Hostage (J.B. ...","£25.85","http://books.toscrape.com/catalogue/take-me-with-you_741/index.html"
"The Testament of Mary","£52.67","http://books.toscrape.com/catalogue/take-me-with-you_741/index.html"
"The Vacationers","£42.15","http://books.toscrape.com/catalogue/take-me-with-you_741/index.html"
"Take Me with You","£45.21","http://books.toscrape.com/catalogue/still-life-with-bread-crumbs_738/index.html"
"The Testament of Mary","£52.67","http://books.toscrape.com/catalogue/still-life-with-bread-crumbs_738/index.html"
"Finders Keepers (Bill Hodges ...","£53.53","http://books.toscrape.com/catalogue/still-life-with-bread-crumbs_738/index.html"
"Still Life with Bread ...","£26.41","http://books.toscrape.com/catalogue/shtum_733/index.html"
"Take Me with You","£45.21","http://books.toscrape.com/catalogue/shtum_733/index.html"
"The First Hostage (J.B. ...","£25.85","http://books.toscrape.com/catalogue/shtum_733/index.html"
"The Testament of Mary","£52.67","http://books.toscrape.com/catalogue/shtum_733/index.html"
"The Time Keeper","£27.88","http://books.toscrape.com/catalogue/shtum_733/index.html"
"Finders Keepers (Bill Hodges ...","£53.53","http://books.toscrape.com/catalogue/shtum_733/index.html"
"The Wedding Dress","£24.12","http://books.toscrape.com/catalogue/suddenly-in-love-lake-haven-1_835/index.html"
"First and First (Five ...","£15.97","http://books.toscrape.com/catalogue/suddenly-in-love-lake-haven-1_835/index.html"
"Her Backup Boyfriend (The ...","£33.97","http://books.toscrape.com/catalogue/suddenly-in-love-lake-haven-1_835/index.html"
"Black Dust","£34.53","http://books.toscrape.com/catalogue/suddenly-in-love-lake-haven-1_835/index.html"
"Fifty Shades Darker (Fifty ...","£21.96","http://books.toscrape.com/catalogue/the-wedding-dress_864/index.html"
"Her Backup Boyfriend (The ...","£33.97","http://books.toscrape.com/catalogue/the-wedding-dress_864/index.html"
"Black Dust","£34.53","http://books.toscrape.com/catalogue/the-wedding-dress_864/index.html"
"Chase Me (Paris Nights ...","£25.27","http://books.toscrape.com/catalogue/the-wedding-dress_864/index.html"
"Shtum","£55.84","http://books.toscrape.com/catalogue/my-name-is-lucy-barton_720/index.html"
"Take Me with You","£45.21","http://books.toscrape.com/catalogue/my-name-is-lucy-barton_720/index.html"
"The Testament of Mary","£52.67","http://books.toscrape.com/catalogue/my-name-is-lucy-barton_720/index.html"
"Suddenly in Love (Lake ...","£55.99","http://books.toscrape.com/catalogue/something-more-than-this_834/index.html"
"The Wedding Dress","£24.12","http://books.toscrape.com/catalogue/something-more-than-this_834/index.html"
"First and First (Five ...","£15.97","http://books.toscrape.com/catalogue/something-more-than-this_834/index.html"
"Run, Spot, Run: The ...","£20.02","http://books.toscrape.com/catalogue/chase-me-paris-nights-2_977/index.html"
"Critique of Pure Reason","£20.75","http://books.toscrape.com/catalogue/chase-me-paris-nights-2_977/index.html"
"At The Existentialist Café: ...","£29.93","http://books.toscrape.com/catalogue/chase-me-paris-nights-2_977/index.html"
"Something More Than This","£16.24","http://books.toscrape.com/catalogue/doing-it-over-most-likely-to-1_802/index.html"
"Suddenly in Love (Lake ...","£55.99","http://books.toscrape.com/catalogue/doing-it-over-most-likely-to-1_802/index.html"
"The Wedding Dress","£24.12","http://books.toscrape.com/catalogue/doing-it-over-most-likely-to-1_802/index.html"
"The Edge of Reason ...","£19.18","http://books.toscrape.com/catalogue/thirst_946/index.html"
"Something More Than This","£16.24","http://books.toscrape.com/catalogue/the-wedding-pact-the-omalleys-2_767/index.html"
"First and First (Five ...","£15.97","http://books.toscrape.com/catalogue/the-wedding-pact-the-omalleys-2_767/index.html"
"My Name Is Lucy ...","£41.56","http://books.toscrape.com/catalogue/mr-mercedes-bill-hodges-trilogy-1_717/index.html"
"The First Hostage (J.B. ...","£25.85","http://books.toscrape.com/catalogue/mr-mercedes-bill-hodges-trilogy-1_717/index.html"
"Bridget Jones's Diary (Bridget ...","£29.82","http://books.toscrape.com/catalogue/private-paris-private-10_958/index.html"
"The Edge of Reason ...","£19.18","http://books.toscrape.com/catalogue/private-paris-private-10_958/index.html"
"I've Got Your Number","£19.69","http://books.toscrape.com/catalogue/private-paris-private-10_958/index.html"
"Something Blue (Darcy & ...","£54.62","http://books.toscrape.com/catalogue/private-paris-private-10_958/index.html"
"Something Borrowed (Darcy & ...","£48.96","http://books.toscrape.com/catalogue/private-paris-private-10_958/index.html"
"The Devil Wears Prada ...","£44.29","http://books.toscrape.com/catalogue/private-paris-private-10_958/index.html"
"The Wedding Dress","£24.12","http://books.toscrape.com/catalogue/dirty-dive-bar-1_615/index.html"
"I Am Pilgrim (Pilgrim ...","£10.60","http://books.toscrape.com/catalogue/eligible-the-austen-project-4_692/index.html"
"Mr. Mercedes (Bill Hodges ...","£28.90","http://books.toscrape.com/catalogue/eligible-the-austen-project-4_692/index.html"
"My Mrs. Brown","£24.48","http://books.toscrape.com/catalogue/eligible-the-austen-project-4_692/index.html"
"My Name Is Lucy ...","£41.56","http://books.toscrape.com/catalogue/eligible-the-austen-project-4_692/index.html"
"Shtum","£55.84","http://books.toscrape.com/catalogue/eligible-the-austen-project-4_692/index.html"
"Still Life with Bread ...","£26.41","http://books.toscrape.com/catalogue/eligible-the-austen-project-4_692/index.html"
"The Regional Office Is ...","£51.36","http://books.toscrape.com/catalogue/finders-keepers-bill-hodges-trilogy-2_807/index.html"
"Tuesday Nights in 1980","£21.04","http://books.toscrape.com/catalogue/finders-keepers-bill-hodges-trilogy-2_807/index.html"
"Thirst","£17.27","http://books.toscrape.com/catalogue/finders-keepers-bill-hodges-trilogy-2_807/index.html"
"The Wedding Pact (The ...","£32.61","http://books.toscrape.com/catalogue/hold-your-breath-search-and-rescue-1_700/index.html"
"Doing It Over (Most ...","£35.61","http://books.toscrape.com/catalogue/hold-your-breath-search-and-rescue-1_700/index.html"
"Something More Than This","£16.24","http://books.toscrape.com/catalogue/hold-your-breath-search-and-rescue-1_700/index.html"
"The Wedding Dress","£24.12","http://books.toscrape.com/catalogue/hold-your-breath-search-and-rescue-1_700/index.html"
"Fifty Shades Darker (Fifty ...","£21.96","http://books.toscrape.com/catalogue/hold-your-breath-search-and-rescue-1_700/index.html"
"Off the Hook (Fishing ...","£47.67","http://books.toscrape.com/catalogue/sit-stay-love_486/index.html"
"Take Me Home Tonight ...","£53.98","http://books.toscrape.com/catalogue/sit-stay-love_486/index.html"
"Dirty (Dive Bar #1)","£40.83","http://books.toscrape.com/catalogue/sit-stay-love_486/index.html"
"Hold Your Breath (Search ...","£28.82","http://books.toscrape.com/catalogue/sit-stay-love_486/index.html"
"The Wedding Pact (The ...","£32.61","http://books.toscrape.com/catalogue/sit-stay-love_486/index.html"
"Dear Mr. Knightley","£11.21","http://books.toscrape.com/catalogue/category/books/fiction_10/page-2.html"
"Balloon Animals","£17.03","http://books.toscrape.com/catalogue/category/books/fiction_10/page-2.html"
"A Man Called Ove","£39.72","http://books.toscrape.com/catalogue/category/books/fiction_10/page-2.html"
"The Silent Sister (Riley ...","£46.29","http://books.toscrape.com/catalogue/category/books/fiction_10/page-2.html"
"The Improbability of Love","£59.45","http://books.toscrape.com/catalogue/category/books/fiction_10/page-2.html"
"Mothering Sunday","£13.34","http://books.toscrape.com/catalogue/category/books/fiction_10/page-2.html"
"Lies and Other Acts ...","£45.14","http://books.toscrape.com/catalogue/category/books/fiction_10/page-2.html"
"Daredevils","£16.34","http://books.toscrape.com/catalogue/category/books/fiction_10/page-2.html"
"The Shack","£28.03","http://books.toscrape.com/catalogue/category/books/fiction_10/page-2.html"
"The High Mountains of ...","£51.15","http://books.toscrape.com/catalogue/category/books/fiction_10/page-2.html"
"Miller's Valley","£58.54","http://books.toscrape.com/catalogue/category/books/fiction_10/page-2.html"
"The Bourne Identity (Jason ...","£42.78","http://books.toscrape.com/catalogue/category/books/fiction_10/page-2.html"
"Sister Dear","£40.20","http://books.toscrape.com/catalogue/category/books/fiction_10/page-2.html"
"Memoirs of a Geisha","£49.67","http://books.toscrape.com/catalogue/category/books/fiction_10/page-2.html"
"A Girl's Guide to ...","£31.30","http://books.toscrape.com/catalogue/the-perfect-play-play-by-play-1_352/index.html"
"Sit, Stay, Love","£20.90","http://books.toscrape.com/catalogue/the-perfect-play-play-by-play-1_352/index.html"
"A Gentleman's Position (Society ...","£14.75","http://books.toscrape.com/catalogue/the-perfect-play-play-by-play-1_352/index.html"
"Dark Lover (Black Dagger ...","£12.87","http://books.toscrape.com/catalogue/changing-the-game-play-by-play-2_317/index.html"
"The Perfect Play (Play ...","£59.99","http://books.toscrape.com/catalogue/changing-the-game-play-by-play-2_317/index.html"
"A Girl's Guide to ...","£31.30","http://books.toscrape.com/catalogue/changing-the-game-play-by-play-2_317/index.html"
"A Gentleman's Position (Society ...","£14.75","http://books.toscrape.com/catalogue/changing-the-game-play-by-play-2_317/index.html"
"Take Me Home Tonight ...","£53.98","http://books.toscrape.com/catalogue/off-the-hook-fishing-for-trouble-1_601/index.html"
"Dirty (Dive Bar #1)","£40.83","http://books.toscrape.com/catalogue/off-the-hook-fishing-for-trouble-1_601/index.html"
"Hold Your Breath (Search ...","£28.82","http://books.toscrape.com/catalogue/off-the-hook-fishing-for-trouble-1_601/index.html"
"The Wedding Pact (The ...","£32.61","http://books.toscrape.com/catalogue/off-the-hook-fishing-for-trouble-1_601/index.html"
"Doing It Over (Most ...","£35.61","http://books.toscrape.com/catalogue/off-the-hook-fishing-for-trouble-1_601/index.html"
"Something More Than This","£16.24","http://books.toscrape.com/catalogue/off-the-hook-fishing-for-trouble-1_601/index.html"
"Off the Hook (Fishing ...","£47.67","http://books.toscrape.com/catalogue/a-gentlemans-position-society-of-gentlemen-3_584/index.html"
"Take Me Home Tonight ...","£53.98","http://books.toscrape.com/catalogue/a-gentlemans-position-society-of-gentlemen-3_584/index.html"
"Dirty (Dive Bar #1)","£40.83","http://books.toscrape.com/catalogue/a-gentlemans-position-society-of-gentlemen-3_584/index.html"
"Sit, Stay, Love","£20.90","http://books.toscrape.com/catalogue/a-girls-guide-to-moving-on-new-beginnings-2_359/index.html"
"A Gentleman's Position (Society ...","£14.75","http://books.toscrape.com/catalogue/a-girls-guide-to-moving-on-new-beginnings-2_359/index.html"
"Off the Hook (Fishing ...","£47.67","http://books.toscrape.com/catalogue/a-girls-guide-to-moving-on-new-beginnings-2_359/index.html"
"Take Me Home Tonight ...","£53.98","http://books.toscrape.com/catalogue/a-girls-guide-to-moving-on-new-beginnings-2_359/index.html"
"Hold Your Breath (Search ...","£28.82","http://books.toscrape.com/catalogue/a-girls-guide-to-moving-on-new-beginnings-2_359/index.html"
"A Gentleman's Position (Society ...","£14.75","http://books.toscrape.com/catalogue/dark-lover-black-dagger-brotherhood-1_319/index.html"
"Take Me Home Tonight ...","£53.98","http://books.toscrape.com/catalogue/dark-lover-black-dagger-brotherhood-1_319/index.html"
"The Purest Hook (Second ...","£12.25","http://books.toscrape.com/catalogue/category/books/romance_8/page-2.html"
"Where Lightning Strikes (Bleeding ...","£39.77","http://books.toscrape.com/catalogue/category/books/romance_8/page-2.html"
"This One Moment (Pushing ...","£48.71","http://books.toscrape.com/catalogue/category/books/romance_8/page-2.html"
"Fighting Fate (Fighting #6)","£39.24","http://books.toscrape.com/catalogue/category/books/romance_8/page-2.html"
"Charity's Cross (Charles Towne ...","£41.24","http://books.toscrape.com/catalogue/category/books/romance_8/page-2.html"
"Bounty (Colorado Mountain #7)","£37.26","http://books.toscrape.com/catalogue/category/books/romance_8/page-2.html"
"Forever and Forever: The ...","£29.69","http://books.toscrape.com/catalogue/glory-over-everything-beyond-the-kitchen-house_696/index.html"
"Delivering the Truth (Quaker ...","£20.89","http://books.toscrape.com/catalogue/forever-and-forever-the-courtship-of-henry-longfellow-and-fanny-appleton_894/index.html"
"The Widow","£27.26","http://books.toscrape.com/catalogue/forever-and-forever-the-courtship-of-henry-longfellow-and-fanny-appleton_894/index.html"
"Boar Island (Anna Pigeon ...","£59.48","http://books.toscrape.com/catalogue/forever-and-forever-the-courtship-of-henry-longfellow-and-fanny-appleton_894/index.html"
"The House by the ...","£36.95","http://books.toscrape.com/catalogue/mrs-houdini_821/index.html"
"A Flight of Arrows ...","£55.53","http://books.toscrape.com/catalogue/mrs-houdini_821/index.html"
"Forever and Forever: The ...","£29.69","http://books.toscrape.com/catalogue/mrs-houdini_821/index.html"
"The Bachelor Girl's Guide ...","£52.30","http://books.toscrape.com/catalogue/mrs-houdini_821/index.html"
"Lilac Girls","£17.28","http://books.toscrape.com/catalogue/world-without-end-the-pillars-of-the-earth-2_420/index.html"
"Glory over Everything: Beyond ...","£45.84","http://books.toscrape.com/catalogue/world-without-end-the-pillars-of-the-earth-2_420/index.html"
"A Paris Apartment","£39.01","http://books.toscrape.com/catalogue/lilac-girls_597/index.html"
"Glory over Everything: Beyond ...","£45.84","http://books.toscrape.com/catalogue/lilac-girls_597/index.html"
"Mrs. Houdini","£30.25","http://books.toscrape.com/catalogue/lilac-girls_597/index.html"
"Mrs. Houdini","£30.25","http://books.toscrape.com/catalogue/the-marriage-of-opposites_759/index.html"
"A Flight of Arrows ...","£55.53","http://books.toscrape.com/catalogue/the-marriage-of-opposites_759/index.html"
"Delivering the Truth (Quaker ...","£20.89","http://books.toscrape.com/catalogue/the-marriage-of-opposites_759/index.html"
"The Bachelor Girl's Guide ...","£52.30","http://books.toscrape.com/catalogue/the-marriage-of-opposites_759/index.html"
"What Happened on Beale ...","£25.37","http://books.toscrape.com/catalogue/a-flight-of-arrows-the-pathfinders-2_876/index.html"
"Playing with Fire","£13.71","http://books.toscrape.com/catalogue/a-flight-of-arrows-the-pathfinders-2_876/index.html"
"The Widow","£27.26","http://books.toscrape.com/catalogue/a-flight-of-arrows-the-pathfinders-2_876/index.html"
"World Without End (The ...","£32.97","http://books.toscrape.com/catalogue/the-passion-of-dolssa_351/index.html"
"The Invention of Wings","£37.34","http://books.toscrape.com/catalogue/the-passion-of-dolssa_351/index.html"
"The Constant Princess (The ...","£16.62","http://books.toscrape.com/catalogue/the-passion-of-dolssa_351/index.html"
"Lilac Girls","£17.28","http://books.toscrape.com/catalogue/the-passion-of-dolssa_351/index.html"
"A Paris Apartment","£39.01","http://books.toscrape.com/catalogue/the-passion-of-dolssa_351/index.html"
"Love, Lies and Spies","£20.55","http://books.toscrape.com/catalogue/the-passion-of-dolssa_351/index.html"
"The Constant Princess (The ...","£16.62","http://books.toscrape.com/catalogue/the-invention-of-wings_448/index.html"
"Lilac Girls","£17.28","http://books.toscrape.com/catalogue/the-invention-of-wings_448/index.html"
"The Invention of Wings","£37.34","http://books.toscrape.com/catalogue/girl-with-a-pearl-earring_322/index.html"
"The Constant Princess (The ...","£16.62","http://books.toscrape.com/catalogue/girl-with-a-pearl-earring_322/index.html"
"A Paris Apartment","£39.01","http://books.toscrape.com/catalogue/girl-with-a-pearl-earring_322/index.html"
"Girl With a Pearl ...","£26.77","http://books.toscrape.com/catalogue/the-guernsey-literary-and-potato-peel-pie-society_253/index.html"
"The Passion of Dolssa","£28.32","http://books.toscrape.com/catalogue/the-guernsey-literary-and-potato-peel-pie-society_253/index.html"
"World Without End (The ...","£32.97","http://books.toscrape.com/catalogue/the-guernsey-literary-and-potato-peel-pie-society_253/index.html"
"The Guernsey Literary and ...","£49.53","http://books.toscrape.com/catalogue/girl-in-the-blue-coat_160/index.html"
"The Last Painting of ...","£55.55","http://books.toscrape.com/catalogue/girl-in-the-blue-coat_160/index.html"
"The Red Tent","£35.66","http://books.toscrape.com/catalogue/girl-in-the-blue-coat_160/index.html"
"Voyager (Outlander #3)","£21.07","http://books.toscrape.com/catalogue/girl-in-the-blue-coat_160/index.html"
"Girl With a Pearl ...","£26.77","http://books.toscrape.com/catalogue/girl-in-the-blue-coat_160/index.html"
"The Passion of Dolssa","£28.32","http://books.toscrape.com/catalogue/girl-in-the-blue-coat_160/index.html"
"Between Shades of Gray","£20.79","http://books.toscrape.com/catalogue/category/books/historical-fiction_4/page-2.html"
"The Secret Healer","£34.56","http://books.toscrape.com/catalogue/category/books/historical-fiction_4/page-2.html"
"Starlark","£25.83","http://books.toscrape.com/catalogue/category/books/historical-fiction_4/page-2.html"
"A Spy's Devotion (The ...","£16.97","http://books.toscrape.com/catalogue/category/books/historical-fiction_4/page-2.html"
"Neither Here nor There: ...","£38.95","http://books.toscrape.com/catalogue/in-a-dark-dark-wood_963/index.html"
"The Road to Little ...","£23.21","http://books.toscrape.com/catalogue/in-a-dark-dark-wood_963/index.html"
"A Summer In Europe","£44.34","http://books.toscrape.com/catalogue/in-a-dark-dark-wood_963/index.html"
"In a Dark, Dark ...","£19.63","http://books.toscrape.com/catalogue/a-murder-in-time_877/index.html"
"Neither Here nor There: ...","£38.95","http://books.toscrape.com/catalogue/a-murder-in-time_877/index.html"
"The Road to Little ...","£23.21","http://books.toscrape.com/catalogue/a-murder-in-time_877/index.html"
"Voyager (Outlander #3)","£21.07","http://books.toscrape.com/catalogue/the-red-tent_273/index.html"
"The Passion of Dolssa","£28.32","http://books.toscrape.com/catalogue/the-red-tent_273/index.html"
"World Without End (The ...","£32.97","http://books.toscrape.com/catalogue/the-red-tent_273/index.html"
"The Invention of Wings","£37.34","http://books.toscrape.com/catalogue/the-red-tent_273/index.html"
"The Constant Princess (The ...","£16.62","http://books.toscrape.com/catalogue/the-red-tent_273/index.html"
"The Past Never Ends","£56.50","http://books.toscrape.com/catalogue/the-murder-of-roger-ackroyd-hercule-poirot-4_852/index.html"
"1,000 Places to See ...","£26.08","http://books.toscrape.com/catalogue/the-murder-of-roger-ackroyd-hercule-poirot-4_852/index.html"
"Neither Here nor There: ...","£38.95","http://books.toscrape.com/catalogue/the-murder-of-roger-ackroyd-hercule-poirot-4_852/index.html"
"The Last Mile (Amos ...","£54.21","http://books.toscrape.com/catalogue/that-darkness-gardiner-and-renner-1_743/index.html"
"In a Dark, Dark ...","£19.63","http://books.toscrape.com/catalogue/that-darkness-gardiner-and-renner-1_743/index.html"
"1,000 Places to See ...","£26.08","http://books.toscrape.com/catalogue/that-darkness-gardiner-and-renner-1_743/index.html"
"In a Dark, Dark ...","£19.63","http://books.toscrape.com/catalogue/the-past-never-ends_942/index.html"
"Neither Here nor There: ...","£38.95","http://books.toscrape.com/catalogue/the-past-never-ends_942/index.html"
"The Road to Little ...","£23.21","http://books.toscrape.com/catalogue/the-past-never-ends_942/index.html"
"A Year in Provence ...","£56.88","http://books.toscrape.com/catalogue/the-past-never-ends_942/index.html"
"The Great Railway Bazaar","£30.54","http://books.toscrape.com/catalogue/the-past-never-ends_942/index.html"
"Poisonous (Max Revere Novels ...","£26.80","http://books.toscrape.com/catalogue/murder-at-the-42nd-street-library-raymond-ambler-1_624/index.html"
"Tastes Like Fear (DI ...","£10.69","http://books.toscrape.com/catalogue/murder-at-the-42nd-street-library-raymond-ambler-1_624/index.html"
"That Darkness (Gardiner and ...","£13.92","http://books.toscrape.com/catalogue/murder-at-the-42nd-street-library-raymond-ambler-1_624/index.html"
"The Last Mile (Amos ...","£54.21","http://books.toscrape.com/catalogue/murder-at-the-42nd-street-library-raymond-ambler-1_624/index.html"
"1,000 Places to See ...","£26.08","http://books.toscrape.com/catalogue/the-last-mile-amos-decker-2_754/index.html"
"Neither Here nor There: ...","£38.95","http://books.toscrape.com/catalogue/the-last-mile-amos-decker-2_754/index.html"
"A Time of Torment ...","£48.35","http://books.toscrape.com/catalogue/most-wanted_623/index.html"
"Most Wanted","£35.28","http://books.toscrape.com/catalogue/hide-away-eve-duncan-20_620/index.html"
"Murder at the 42nd ...","£54.36","http://books.toscrape.com/catalogue/hide-away-eve-duncan-20_620/index.html"
"Poisonous (Max Revere Novels ...","£26.80","http://books.toscrape.com/catalogue/hide-away-eve-duncan-20_620/index.html"
"A Study in Scarlet ...","£16.73","http://books.toscrape.com/catalogue/hide-away-eve-duncan-20_620/index.html"
"A Time of Torment ...","£48.35","http://books.toscrape.com/catalogue/hide-away-eve-duncan-20_620/index.html"
"Tastes Like Fear (DI ...","£10.69","http://books.toscrape.com/catalogue/hide-away-eve-duncan-20_620/index.html"
"A Time of Torment ...","£48.35","http://books.toscrape.com/catalogue/a-study-in-scarlet-sherlock-holmes-1_656/index.html"
"Tastes Like Fear (DI ...","£10.69","http://books.toscrape.com/catalogue/a-study-in-scarlet-sherlock-holmes-1_656/index.html"
"The Last Mile (Amos ...","£54.21","http://books.toscrape.com/catalogue/a-study-in-scarlet-sherlock-holmes-1_656/index.html"
"A Study in Scarlet ...","£16.73","http://books.toscrape.com/catalogue/poisonous-max-revere-novels-3_627/index.html"
"A Time of Torment ...","£48.35","http://books.toscrape.com/catalogue/poisonous-max-revere-novels-3_627/index.html"
"Tastes Like Fear (DI ...","£10.69","http://books.toscrape.com/catalogue/poisonous-max-revere-novels-3_627/index.html"
"That Darkness (Gardiner and ...","£13.92","http://books.toscrape.com/catalogue/poisonous-max-revere-novels-3_627/index.html"
"The Last Mile (Amos ...","£54.21","http://books.toscrape.com/catalogue/poisonous-max-revere-novels-3_627/index.html"
"The Murder of Roger ...","£44.10","http://books.toscrape.com/catalogue/poisonous-max-revere-novels-3_627/index.html"
"Hide Away (Eve Duncan ...","£11.84","http://books.toscrape.com/catalogue/boar-island-anna-pigeon-19_613/index.html"
"Most Wanted","£35.28","http://books.toscrape.com/catalogue/boar-island-anna-pigeon-19_613/index.html"
"Murder at the 42nd ...","£54.36","http://books.toscrape.com/catalogue/boar-island-anna-pigeon-19_613/index.html"
"Poisonous (Max Revere Novels ...","£26.80","http://books.toscrape.com/catalogue/boar-island-anna-pigeon-19_613/index.html"
"A Study in Scarlet ...","£16.73","http://books.toscrape.com/catalogue/boar-island-anna-pigeon-19_613/index.html"
"A Time of Torment ...","£48.35","http://books.toscrape.com/catalogue/boar-island-anna-pigeon-19_613/index.html"
"Boar Island (Anna Pigeon ...","£59.48","http://books.toscrape.com/catalogue/the-widow_609/index.html"
"Hide Away (Eve Duncan ...","£11.84","http://books.toscrape.com/catalogue/the-widow_609/index.html"
"Most Wanted","£35.28","http://books.toscrape.com/catalogue/the-widow_609/index.html"
"Murder at the 42nd ...","£54.36","http://books.toscrape.com/catalogue/the-widow_609/index.html"
"Poisonous (Max Revere Novels ...","£26.80","http://books.toscrape.com/catalogue/the-widow_609/index.html"
"A Study in Scarlet ...","£16.73","http://books.toscrape.com/catalogue/the-widow_609/index.html"
"Boar Island (Anna Pigeon ...","£59.48","http://books.toscrape.com/catalogue/what-happened-on-beale-street-secrets-of-the-south-mysteries-2_506/index.html"
"Hide Away (Eve Duncan ...","£11.84","http://books.toscrape.com/catalogue/what-happened-on-beale-street-secrets-of-the-south-mysteries-2_506/index.html"
"Most Wanted","£35.28","http://books.toscrape.com/catalogue/what-happened-on-beale-street-secrets-of-the-south-mysteries-2_506/index.html"
"Murder at the 42nd ...","£54.36","http://books.toscrape.com/catalogue/what-happened-on-beale-street-secrets-of-the-south-mysteries-2_506/index.html"
"What Happened on Beale ...","£25.37","http://books.toscrape.com/catalogue/the-bachelor-girls-guide-to-murder-herringford-and-watts-mysteries-1_491/index.html"
"Playing with Fire","£13.71","http://books.toscrape.com/catalogue/the-bachelor-girls-guide-to-murder-herringford-and-watts-mysteries-1_491/index.html"
"The Widow","£27.26","http://books.toscrape.com/catalogue/the-bachelor-girls-guide-to-murder-herringford-and-watts-mysteries-1_491/index.html"
"Boar Island (Anna Pigeon ...","£59.48","http://books.toscrape.com/catalogue/the-bachelor-girls-guide-to-murder-herringford-and-watts-mysteries-1_491/index.html"
"Hide Away (Eve Duncan ...","£11.84","http://books.toscrape.com/catalogue/the-bachelor-girls-guide-to-murder-herringford-and-watts-mysteries-1_491/index.html"
"Most Wanted","£35.28","http://books.toscrape.com/catalogue/the-bachelor-girls-guide-to-murder-herringford-and-watts-mysteries-1_491/index.html"
"Changing the Game (Play ...","£13.38","http://books.toscrape.com/catalogue/i-had-a-nice-time-and-other-lies-how-to-find-love-sht-like-that_814/index.html"
"Dark Lover (Black Dagger ...","£12.87","http://books.toscrape.com/catalogue/i-had-a-nice-time-and-other-lies-how-to-find-love-sht-like-that_814/index.html"
"The Perfect Play (Play ...","£59.99","http://books.toscrape.com/catalogue/i-had-a-nice-time-and-other-lies-how-to-find-love-sht-like-that_814/index.html"
"A Girl's Guide to ...","£31.30","http://books.toscrape.com/catalogue/i-had-a-nice-time-and-other-lies-how-to-find-love-sht-like-that_814/index.html"
"Sit, Stay, Love","£20.90","http://books.toscrape.com/catalogue/i-had-a-nice-time-and-other-lies-how-to-find-love-sht-like-that_814/index.html"
"The Perfect Play (Play ...","£59.99","http://books.toscrape.com/catalogue/keep-me-posted_594/index.html"
"A Girl's Guide to ...","£31.30","http://books.toscrape.com/catalogue/keep-me-posted_594/index.html"
"Keep Me Posted","£20.46","http://books.toscrape.com/catalogue/grey-fifty-shades-4_592/index.html"
"Will You Won't You ...","£13.86","http://books.toscrape.com/catalogue/grey-fifty-shades-4_592/index.html"
"I Had a Nice ...","£57.36","http://books.toscrape.com/catalogue/grey-fifty-shades-4_592/index.html"
"Changing the Game (Play ...","£13.38","http://books.toscrape.com/catalogue/grey-fifty-shades-4_592/index.html"
"Dark Lover (Black Dagger ...","£12.87","http://books.toscrape.com/catalogue/grey-fifty-shades-4_592/index.html"
"The Perfect Play (Play ...","£59.99","http://books.toscrape.com/catalogue/grey-fifty-shades-4_592/index.html"
"The Bachelor Girl's Guide ...","£52.30","http://books.toscrape.com/catalogue/delivering-the-truth-quaker-midwife-mystery-1_464/index.html"
"What Happened on Beale ...","£25.37","http://books.toscrape.com/catalogue/delivering-the-truth-quaker-midwife-mystery-1_464/index.html"
"Playing with Fire","£13.71","http://books.toscrape.com/catalogue/delivering-the-truth-quaker-midwife-mystery-1_464/index.html"
"The Widow","£27.26","http://books.toscrape.com/catalogue/delivering-the-truth-quaker-midwife-mystery-1_464/index.html"
"Boar Island (Anna Pigeon ...","£59.48","http://books.toscrape.com/catalogue/delivering-the-truth-quaker-midwife-mystery-1_464/index.html"
"Hide Away (Eve Duncan ...","£11.84","http://books.toscrape.com/catalogue/delivering-the-truth-quaker-midwife-mystery-1_464/index.html"
"Meternity","£43.58","http://books.toscrape.com/catalogue/some-women_341/index.html"
"Grey (Fifty Shades #4)","£48.49","http://books.toscrape.com/catalogue/some-women_341/index.html"
"Will You Won't You ...","£13.86","http://books.toscrape.com/catalogue/some-women_341/index.html"
"Changing the Game (Play ...","£13.38","http://books.toscrape.com/catalogue/some-women_341/index.html"
"Changing the Game (Play ...","£13.38","http://books.toscrape.com/catalogue/meternity_478/index.html"
"Dark Lover (Black Dagger ...","£12.87","http://books.toscrape.com/catalogue/meternity_478/index.html"
"Shopaholic Ties the Knot ...","£48.39","http://books.toscrape.com/catalogue/can-you-keep-a-secret_315/index.html"
"Shopaholic Ties the Knot ...","£48.39","http://books.toscrape.com/catalogue/twenties-girl_292/index.html"
"Meternity","£43.58","http://books.toscrape.com/catalogue/twenties-girl_292/index.html"
"Keep Me Posted","£20.46","http://books.toscrape.com/catalogue/twenties-girl_292/index.html"
"Grey (Fifty Shades #4)","£48.49","http://books.toscrape.com/catalogue/shopaholic-ties-the-knot-shopaholic-3_340/index.html"
"Will You Won't You ...","£13.86","http://books.toscrape.com/catalogue/shopaholic-ties-the-knot-shopaholic-3_340/index.html"
"The Nanny Diaries (Nanny ...","£52.53","http://books.toscrape.com/catalogue/the-devil-wears-prada-the-devil-wears-prada-1_243/index.html"
"The Undomestic Goddess","£45.75","http://books.toscrape.com/catalogue/the-devil-wears-prada-the-devil-wears-prada-1_243/index.html"
"Twenties Girl","£42.80","http://books.toscrape.com/catalogue/the-devil-wears-prada-the-devil-wears-prada-1_243/index.html"
"Can You Keep a ...","£21.94","http://books.toscrape.com/catalogue/the-devil-wears-prada-the-devil-wears-prada-1_243/index.html"
"Shopaholic Ties the Knot ...","£48.39","http://books.toscrape.com/catalogue/the-devil-wears-prada-the-devil-wears-prada-1_243/index.html"
"The Nanny Diaries (Nanny ...","£52.53","http://books.toscrape.com/catalogue/something-borrowed-darcy-rachel-1_224/index.html"
"The Undomestic Goddess","£45.75","http://books.toscrape.com/catalogue/something-borrowed-darcy-rachel-1_224/index.html"
"Shopaholic Ties the Knot ...","£48.39","http://books.toscrape.com/catalogue/something-borrowed-darcy-rachel-1_224/index.html"
"Twenties Girl","£42.80","http://books.toscrape.com/catalogue/the-undomestic-goddess_286/index.html"
"Can You Keep a ...","£21.94","http://books.toscrape.com/catalogue/the-undomestic-goddess_286/index.html"
"Shopaholic Ties the Knot ...","£48.39","http://books.toscrape.com/catalogue/the-undomestic-goddess_286/index.html"
"Some Women","£13.73","http://books.toscrape.com/catalogue/the-undomestic-goddess_286/index.html"
"Meternity","£43.58","http://books.toscrape.com/catalogue/the-undomestic-goddess_286/index.html"
"Grey (Fifty Shades #4)","£48.49","http://books.toscrape.com/catalogue/the-undomestic-goddess_286/index.html"
"Something Borrowed (Darcy & ...","£48.96","http://books.toscrape.com/catalogue/something-blue-darcy-rachel-2_223/index.html"
"The Nanny Diaries (Nanny ...","£52.53","http://books.toscrape.com/catalogue/something-blue-darcy-rachel-2_223/index.html"
"Twenties Girl","£42.80","http://books.toscrape.com/catalogue/something-blue-darcy-rachel-2_223/index.html"
"Twenties Girl","£42.80","http://books.toscrape.com/catalogue/the-nanny-diaries-nanny-1_265/index.html"
"Shopaholic Ties the Knot ...","£48.39","http://books.toscrape.com/catalogue/the-nanny-diaries-nanny-1_265/index.html"
"Meternity","£43.58","http://books.toscrape.com/catalogue/the-nanny-diaries-nanny-1_265/index.html"
"Something Borrowed (Darcy & ...","£48.96","http://books.toscrape.com/catalogue/bridget-joness-diary-bridget-jones-1_10/index.html"
"The Devil Wears Prada ...","£44.29","http://books.toscrape.com/catalogue/bridget-joness-diary-bridget-jones-1_10/index.html"
"The Nanny Diaries (Nanny ...","£52.53","http://books.toscrape.com/catalogue/bridget-joness-diary-bridget-jones-1_10/index.html"
"The Guernsey Literary and ...","£49.53","http://books.toscrape.com/catalogue/tsubasa-world-chronicle-2-tsubasa-world-chronicle-2_949/index.html"
"Girl With a Pearl ...","£26.77","http://books.toscrape.com/catalogue/tsubasa-world-chronicle-2-tsubasa-world-chronicle-2_949/index.html"
"Tsubasa: WoRLD CHRoNiCLE 2 ...","£16.28","http://books.toscrape.com/catalogue/the-nameless-city-the-nameless-city-1_940/index.html"
"The Last Painting of ...","£55.55","http://books.toscrape.com/catalogue/the-nameless-city-the-nameless-city-1_940/index.html"
"The Nameless City (The ...","£38.16","http://books.toscrape.com/catalogue/saga-volume-5-saga-collected-editions-5_923/index.html"
"Tsubasa: WoRLD CHRoNiCLE 2 ...","£16.28","http://books.toscrape.com/catalogue/saga-volume-5-saga-collected-editions-5_923/index.html"
"Girl in the Blue ...","£46.83","http://books.toscrape.com/catalogue/saga-volume-5-saga-collected-editions-5_923/index.html"
"The Last Painting of ...","£55.55","http://books.toscrape.com/catalogue/saga-volume-5-saga-collected-editions-5_923/index.html"
"The Devil Wears Prada ...","£44.29","http://books.toscrape.com/catalogue/ive-got-your-number_173/index.html"
"That Darkness (Gardiner and ...","£13.92","http://books.toscrape.com/catalogue/a-time-of-torment-charlie-parker-14_657/index.html"
"The Murder of Roger ...","£44.10","http://books.toscrape.com/catalogue/a-time-of-torment-charlie-parker-14_657/index.html"
"A Murder in Time","£16.64","http://books.toscrape.com/catalogue/a-time-of-torment-charlie-parker-14_657/index.html"
"The Past Never Ends","£56.50","http://books.toscrape.com/catalogue/a-time-of-torment-charlie-parker-14_657/index.html"
"I've Got Your Number","£19.69","http://books.toscrape.com/catalogue/the-edge-of-reason-bridget-jones-2_63/index.html"
"Something Blue (Darcy & ...","£54.62","http://books.toscrape.com/catalogue/the-edge-of-reason-bridget-jones-2_63/index.html"
"Something Borrowed (Darcy & ...","£48.96","http://books.toscrape.com/catalogue/the-edge-of-reason-bridget-jones-2_63/index.html"
"The Devil Wears Prada ...","£44.29","http://books.toscrape.com/catalogue/the-edge-of-reason-bridget-jones-2_63/index.html"
"The Nanny Diaries (Nanny ...","£52.53","http://books.toscrape.com/catalogue/the-edge-of-reason-bridget-jones-2_63/index.html"
"The Undomestic Goddess","£45.75","http://books.toscrape.com/catalogue/the-edge-of-reason-bridget-jones-2_63/index.html"
"Saga, Volume 5 (Saga ...","£51.04","http://books.toscrape.com/catalogue/rat-queens-vol-3-demons-rat-queens-collected-editions-11-15_921/index.html"
"This One Summer","£19.49","http://books.toscrape.com/catalogue/rat-queens-vol-3-demons-rat-queens-collected-editions-11-15_921/index.html"
"The Guernsey Literary and ...","£49.53","http://books.toscrape.com/catalogue/rat-queens-vol-3-demons-rat-queens-collected-editions-11-15_921/index.html"
"Saga, Volume 5 (Saga ...","£51.04","http://books.toscrape.com/catalogue/princess-jellyfish-2-in-1-omnibus-vol-01-princess-jellyfish-2-in-1-omnibus-1_920/index.html"
"The Nameless City (The ...","£38.16","http://books.toscrape.com/catalogue/princess-jellyfish-2-in-1-omnibus-vol-01-princess-jellyfish-2-in-1-omnibus-1_920/index.html"
"Tsubasa: WoRLD CHRoNiCLE 2 ...","£16.28","http://books.toscrape.com/catalogue/princess-jellyfish-2-in-1-omnibus-vol-01-princess-jellyfish-2-in-1-omnibus-1_920/index.html"
"Girl in the Blue ...","£46.83","http://books.toscrape.com/catalogue/princess-jellyfish-2-in-1-omnibus-vol-01-princess-jellyfish-2-in-1-omnibus-1_920/index.html"
"Tsubasa: WoRLD CHRoNiCLE 2 ...","£16.28","http://books.toscrape.com/catalogue/this-one-summer_947/index.html"
"The Guernsey Literary and ...","£49.53","http://books.toscrape.com/catalogue/this-one-summer_947/index.html"
"Princess Jellyfish 2-in-1 Omnibus, ...","£13.61","http://books.toscrape.com/catalogue/patience_916/index.html"
"Saga, Volume 5 (Saga ...","£51.04","http://books.toscrape.com/catalogue/patience_916/index.html"
"The Nameless City (The ...","£38.16","http://books.toscrape.com/catalogue/patience_916/index.html"
"Outcast, Vol. 1: A ...","£15.44","http://books.toscrape.com/catalogue/orange-the-complete-collection-1-orange-the-complete-collection-1_914/index.html"
"Pop Gun War, Volume ...","£18.97","http://books.toscrape.com/catalogue/orange-the-complete-collection-1-orange-the-complete-collection-1_914/index.html"
"Rat Queens, Vol. 3: ...","£50.40","http://books.toscrape.com/catalogue/orange-the-complete-collection-1-orange-the-complete-collection-1_914/index.html"
"Saga, Volume 5 (Saga ...","£51.04","http://books.toscrape.com/catalogue/orange-the-complete-collection-1-orange-the-complete-collection-1_914/index.html"
"orange: The Complete Collection ...","£48.41","http://books.toscrape.com/catalogue/lumberjanes-vol-1-beware-the-kitten-holy-lumberjanes-1-4_906/index.html"
"Patience","£10.16","http://books.toscrape.com/catalogue/lumberjanes-vol-1-beware-the-kitten-holy-lumberjanes-1-4_906/index.html"
"Princess Jellyfish 2-in-1 Omnibus, ...","£13.61","http://books.toscrape.com/catalogue/lumberjanes-vol-1-beware-the-kitten-holy-lumberjanes-1-4_906/index.html"
"orange: The Complete Collection ...","£48.41","http://books.toscrape.com/catalogue/lumberjanes-vol-3-a-terrible-plan-lumberjanes-9-12_905/index.html"
"Outcast, Vol. 1: A ...","£15.44","http://books.toscrape.com/catalogue/lumberjanes-vol-3-a-terrible-plan-lumberjanes-9-12_905/index.html"
"Patience","£10.16","http://books.toscrape.com/catalogue/lumberjanes-vol-3-a-terrible-plan-lumberjanes-9-12_905/index.html"
"Pop Gun War, Volume ...","£18.97","http://books.toscrape.com/catalogue/lumberjanes-vol-3-a-terrible-plan-lumberjanes-9-12_905/index.html"
"Princess Jellyfish 2-in-1 Omnibus, ...","£13.61","http://books.toscrape.com/catalogue/pop-gun-war-volume-1-gift_918/index.html"
"Rat Queens, Vol. 3: ...","£50.40","http://books.toscrape.com/catalogue/pop-gun-war-volume-1-gift_918/index.html"
"Patience","£10.16","http://books.toscrape.com/catalogue/outcast-vol-1-a-darkness-surrounds-him-outcast-1_915/index.html"
"Princess Jellyfish 2-in-1 Omnibus, ...","£13.61","http://books.toscrape.com/catalogue/outcast-vol-1-a-darkness-surrounds-him-outcast-1_915/index.html"
"Rat Queens, Vol. 3: ...","£50.40","http://books.toscrape.com/catalogue/outcast-vol-1-a-darkness-surrounds-him-outcast-1_915/index.html"
"Saga, Volume 5 (Saga ...","£51.04","http://books.toscrape.com/catalogue/outcast-vol-1-a-darkness-surrounds-him-outcast-1_915/index.html"
"Lumberjanes Vol. 3: A ...","£19.92","http://books.toscrape.com/catalogue/i-am-a-hero-omnibus-volume-1_898/index.html"
"Lumberjanes, Vol. 1: Beware ...","£45.61","http://books.toscrape.com/catalogue/i-am-a-hero-omnibus-volume-1_898/index.html"
"orange: The Complete Collection ...","£48.41","http://books.toscrape.com/catalogue/lumberjanes-vol-2-friendship-to-the-max-lumberjanes-5-8_907/index.html"
"Outcast, Vol. 1: A ...","£15.44","http://books.toscrape.com/catalogue/lumberjanes-vol-2-friendship-to-the-max-lumberjanes-5-8_907/index.html"
"Patience","£10.16","http://books.toscrape.com/catalogue/lumberjanes-vol-2-friendship-to-the-max-lumberjanes-5-8_907/index.html"
"Pop Gun War, Volume ...","£18.97","http://books.toscrape.com/catalogue/lumberjanes-vol-2-friendship-to-the-max-lumberjanes-5-8_907/index.html"
"Princess Jellyfish 2-in-1 Omnibus, ...","£13.61","http://books.toscrape.com/catalogue/lumberjanes-vol-2-friendship-to-the-max-lumberjanes-5-8_907/index.html"
"Rat Queens, Vol. 3: ...","£50.40","http://books.toscrape.com/catalogue/lumberjanes-vol-2-friendship-to-the-max-lumberjanes-5-8_907/index.html"
"Lumberjanes, Vol. 1: Beware ...","£45.61","http://books.toscrape.com/catalogue/danganronpa-volume-1_889/index.html"
"Danganronpa Volume 1","£51.99","http://books.toscrape.com/catalogue/codename-baboushka-volume-1-the-conclave-of-death_887/index.html"
"I am a Hero ...","£54.63","http://books.toscrape.com/catalogue/codename-baboushka-volume-1-the-conclave-of-death_887/index.html"
"Lumberjanes Vol. 3: A ...","£19.92","http://books.toscrape.com/catalogue/codename-baboushka-volume-1-the-conclave-of-death_887/index.html"
"Lumberjanes, Vol. 1: Beware ...","£45.61","http://books.toscrape.com/catalogue/i-hate-fairyland-vol-1-madly-ever-after-i-hate-fairyland-compilations-1-5_899/index.html"
"Lumberjanes, Vol. 2: Friendship ...","£46.91","http://books.toscrape.com/catalogue/i-hate-fairyland-vol-1-madly-ever-after-i-hate-fairyland-compilations-1-5_899/index.html"
"orange: The Complete Collection ...","£48.41","http://books.toscrape.com/catalogue/i-hate-fairyland-vol-1-madly-ever-after-i-hate-fairyland-compilations-1-5_899/index.html"
"Outcast, Vol. 1: A ...","£15.44","http://books.toscrape.com/catalogue/i-hate-fairyland-vol-1-madly-ever-after-i-hate-fairyland-compilations-1-5_899/index.html"
"Patience","£10.16","http://books.toscrape.com/catalogue/i-hate-fairyland-vol-1-madly-ever-after-i-hate-fairyland-compilations-1-5_899/index.html"
"Codename Baboushka, Volume 1: ...","£36.72","http://books.toscrape.com/catalogue/camp-midnight_886/index.html"
"Giant Days, Vol. 2 ...","£22.11","http://books.toscrape.com/catalogue/camp-midnight_886/index.html"
"I am a Hero ...","£54.63","http://books.toscrape.com/catalogue/camp-midnight_886/index.html"
"I Hate Fairyland, Vol. ...","£29.17","http://books.toscrape.com/catalogue/camp-midnight_886/index.html"
"It's Only the Himalayas","£45.17","http://books.toscrape.com/catalogue/full-moon-over-noahs-ark-an-odyssey-to-mount-ararat-and-beyond_811/index.html"
"Mesaerion: The Best Science ...","£37.59","http://books.toscrape.com/catalogue/full-moon-over-noahs-ark-an-odyssey-to-mount-ararat-and-beyond_811/index.html"
"Olio","£23.88","http://books.toscrape.com/catalogue/full-moon-over-noahs-ark-an-odyssey-to-mount-ararat-and-beyond_811/index.html"
"Our Band Could Be ...","£57.25","http://books.toscrape.com/catalogue/full-moon-over-noahs-ark-an-odyssey-to-mount-ararat-and-beyond_811/index.html"
"I Hate Fairyland, Vol. ...","£29.17","http://books.toscrape.com/catalogue/giant-days-vol-2-giant-days-5-8_895/index.html"
"Lumberjanes, Vol. 1: Beware ...","£45.61","http://books.toscrape.com/catalogue/giant-days-vol-2-giant-days-5-8_895/index.html"
"orange: The Complete Collection ...","£48.41","http://books.toscrape.com/catalogue/giant-days-vol-2-giant-days-5-8_895/index.html"
"Full Moon over Noah’s ...","£49.43","http://books.toscrape.com/catalogue/vagabonding-an-uncommon-guide-to-the-art-of-long-term-world-travel_552/index.html"
"Full Moon over Noah’s ...","£49.43","http://books.toscrape.com/catalogue/under-the-tuscan-sun_504/index.html"
"Libertarianism for Beginners","£51.33","http://books.toscrape.com/catalogue/under-the-tuscan-sun_504/index.html"
"A Summer In Europe","£44.34","http://books.toscrape.com/catalogue/the-great-railway-bazaar_446/index.html"
"Under the Tuscan Sun","£37.33","http://books.toscrape.com/catalogue/the-great-railway-bazaar_446/index.html"
"Vagabonding: An Uncommon Guide ...","£36.94","http://books.toscrape.com/catalogue/the-great-railway-bazaar_446/index.html"
"See America: A Celebration ...","£48.87","http://books.toscrape.com/catalogue/the-great-railway-bazaar_446/index.html"
"Full Moon over Noah’s ...","£49.43","http://books.toscrape.com/catalogue/the-great-railway-bazaar_446/index.html"
"It's Only the Himalayas","£45.17","http://books.toscrape.com/catalogue/the-great-railway-bazaar_446/index.html"
"The Great Railway Bazaar","£30.54","http://books.toscrape.com/catalogue/a-year-in-provence-provence-1_421/index.html"
"A Summer In Europe","£44.34","http://books.toscrape.com/catalogue/a-year-in-provence-provence-1_421/index.html"
"Under the Tuscan Sun","£37.33","http://books.toscrape.com/catalogue/a-year-in-provence-provence-1_421/index.html"
"Vagabonding: An Uncommon Guide ...","£36.94","http://books.toscrape.com/catalogue/a-year-in-provence-provence-1_421/index.html"
"Full Moon over Noah’s ...","£49.43","http://books.toscrape.com/catalogue/a-year-in-provence-provence-1_421/index.html"
"The Great Railway Bazaar","£30.54","http://books.toscrape.com/catalogue/the-road-to-little-dribbling-adventures-of-an-american-in-britain-notes-from-a-small-island-2_277/index.html"
"Under the Tuscan Sun","£37.33","http://books.toscrape.com/catalogue/the-road-to-little-dribbling-adventures-of-an-american-in-britain-notes-from-a-small-island-2_277/index.html"
"Vagabonding: An Uncommon Guide ...","£36.94","http://books.toscrape.com/catalogue/the-road-to-little-dribbling-adventures-of-an-american-in-britain-notes-from-a-small-island-2_277/index.html"
"See America: A Celebration ...","£48.87","http://books.toscrape.com/catalogue/the-road-to-little-dribbling-adventures-of-an-american-in-britain-notes-from-a-small-island-2_277/index.html"
"The Road to Little ...","£23.21","http://books.toscrape.com/catalogue/neither-here-nor-there-travels-in-europe_198/index.html"
"A Year in Provence ...","£56.88","http://books.toscrape.com/catalogue/neither-here-nor-there-travels-in-europe_198/index.html"
"The Great Railway Bazaar","£30.54","http://books.toscrape.com/catalogue/neither-here-nor-there-travels-in-europe_198/index.html"
"A Summer In Europe","£44.34","http://books.toscrape.com/catalogue/neither-here-nor-there-travels-in-europe_198/index.html"
"Under the Tuscan Sun","£37.33","http://books.toscrape.com/catalogue/neither-here-nor-there-travels-in-europe_198/index.html"
"Vagabonding: An Uncommon Guide ...","£36.94","http://books.toscrape.com/catalogue/neither-here-nor-there-travels-in-europe_198/index.html"
"Neither Here nor There: ...","£38.95","http://books.toscrape.com/catalogue/1000-places-to-see-before-you-die_1/index.html"
"The Road to Little ...","£23.21","http://books.toscrape.com/catalogue/1000-places-to-see-before-you-die_1/index.html"
"A Year in Provence ...","£56.88","http://books.toscrape.com/catalogue/1000-places-to-see-before-you-die_1/index.html"
"The Great Railway Bazaar","£30.54","http://books.toscrape.com/catalogue/1000-places-to-see-before-you-die_1/index.html"
"A Summer In Europe","£44.34","http://books.toscrape.com/catalogue/1000-places-to-see-before-you-die_1/index.html"
"Under the Tuscan Sun","£37.33","http://books.toscrape.com/catalogue/1000-places-to-see-before-you-die_1/index.html"
"Under the Tuscan Sun","£37.33","http://books.toscrape.com/catalogue/a-summer-in-europe_458/index.html"
"Vagabonding: An Uncommon Guide ...","£36.94","http://books.toscrape.com/catalogue/a-summer-in-europe_458/index.html"
"See America: A Celebration ...","£48.87","http://books.toscrape.com/catalogue/a-summer-in-europe_458/index.html"
"Full Moon over Noah’s ...","£49.43","http://books.toscrape.com/catalogue/a-summer-in-europe_458/index.html"
"It's Only the Himalayas","£45.17","http://books.toscrape.com/catalogue/a-summer-in-europe_458/index.html"
"Libertarianism for Beginners","£51.33","http://books.toscrape.com/catalogue/a-summer-in-europe_458/index.html"
"Bitch Planet, Vol. 1: ...","£37.92","http://books.toscrape.com/catalogue/category/books/sequential-art_5/page-2.html"
"The Shadow Hero (The ...","£33.14","http://books.toscrape.com/catalogue/category/books/sequential-art_5/page-2.html"
"Batman: The Dark Knight ...","£15.38","http://books.toscrape.com/catalogue/category/books/sequential-art_5/page-2.html"
"Wonder Woman: Earth One, ...","£37.34","http://books.toscrape.com/catalogue/category/books/sequential-art_5/page-2.html"
"Through the Woods","£25.38","http://books.toscrape.com/catalogue/category/books/sequential-art_5/page-2.html"
"Superman Vol. 1: Before ...","£11.89","http://books.toscrape.com/catalogue/category/books/sequential-art_5/page-2.html"
"So Cute It Hurts!!, ...","£35.43","http://books.toscrape.com/catalogue/category/books/sequential-art_5/page-2.html"
"Robin War","£47.82","http://books.toscrape.com/catalogue/category/books/sequential-art_5/page-2.html"
"Red Hood/Arsenal, Vol. 1: ...","£25.48","http://books.toscrape.com/catalogue/category/books/sequential-art_5/page-2.html"
"Lowriders to the Center ...","£51.51","http://books.toscrape.com/catalogue/category/books/sequential-art_5/page-2.html"
"Art Ops Vol. 1","£48.80","http://books.toscrape.com/catalogue/category/books/sequential-art_5/page-2.html"
"Adulthood Is a Myth: ...","£10.90","http://books.toscrape.com/catalogue/category/books/sequential-art_5/page-2.html"
"Roller Girl","£14.10","http://books.toscrape.com/catalogue/category/books/sequential-art_5/page-2.html"
"Camp Midnight","£17.08","http://books.toscrape.com/catalogue/the-secret-garden_413/index.html"
"Danganronpa Volume 1","£51.99","http://books.toscrape.com/catalogue/the-secret-garden_413/index.html"
"Giant Days, Vol. 2 ...","£22.11","http://books.toscrape.com/catalogue/the-secret-garden_413/index.html"
"I am a Hero ...","£54.63","http://books.toscrape.com/catalogue/the-secret-garden_413/index.html"
"I Hate Fairyland, Vol. ...","£29.17","http://books.toscrape.com/catalogue/the-secret-garden_413/index.html"
"Codename Baboushka, Volume 1: ...","£36.72","http://books.toscrape.com/catalogue/the-metamorphosis_409/index.html"
"Giant Days, Vol. 2 ...","£22.11","http://books.toscrape.com/catalogue/the-metamorphosis_409/index.html"
"I am a Hero ...","£54.63","http://books.toscrape.com/catalogue/the-metamorphosis_409/index.html"
"The Metamorphosis","£28.58","http://books.toscrape.com/catalogue/the-hound-of-the-baskervilles-sherlock-holmes-5_348/index.html"
"The Pilgrim's Progress","£50.26","http://books.toscrape.com/catalogue/little-women-little-women-1_331/index.html"
"The Metamorphosis","£28.58","http://books.toscrape.com/catalogue/little-women-little-women-1_331/index.html"
"The Secret Garden","£15.08","http://books.toscrape.com/catalogue/little-women-little-women-1_331/index.html"
"Codename Baboushka, Volume 1: ...","£36.72","http://books.toscrape.com/catalogue/little-women-little-women-1_331/index.html"
"The Metamorphosis","£28.58","http://books.toscrape.com/catalogue/gone-with-the-wind_324/index.html"
"The Secret Garden","£15.08","http://books.toscrape.com/catalogue/gone-with-the-wind_324/index.html"
"Camp Midnight","£17.08","http://books.toscrape.com/catalogue/gone-with-the-wind_324/index.html"
"Little Women (Little Women ...","£28.07","http://books.toscrape.com/catalogue/candide_316/index.html"
"The Hound of the ...","£14.82","http://books.toscrape.com/catalogue/candide_316/index.html"
"The Pilgrim's Progress","£50.26","http://books.toscrape.com/catalogue/candide_316/index.html"
"The Secret Garden","£15.08","http://books.toscrape.com/catalogue/the-pilgrims-progress_353/index.html"
"Wuthering Heights","£17.73","http://books.toscrape.com/catalogue/the-picture-of-dorian-gray_270/index.html"
"Animal Farm","£57.22","http://books.toscrape.com/catalogue/the-picture-of-dorian-gray_270/index.html"
"Candide","£58.63","http://books.toscrape.com/catalogue/the-picture-of-dorian-gray_270/index.html"
"Gone with the Wind","£32.49","http://books.toscrape.com/catalogue/the-picture-of-dorian-gray_270/index.html"
"The Hound of the ...","£14.82","http://books.toscrape.com/catalogue/the-picture-of-dorian-gray_270/index.html"
"The Picture of Dorian ...","£29.70","http://books.toscrape.com/catalogue/beowulf_126/index.html"
"Wuthering Heights","£17.73","http://books.toscrape.com/catalogue/beowulf_126/index.html"
"Animal Farm","£57.22","http://books.toscrape.com/catalogue/beowulf_126/index.html"
"Candide","£58.63","http://books.toscrape.com/catalogue/beowulf_126/index.html"
"Gone with the Wind","£32.49","http://books.toscrape.com/catalogue/beowulf_126/index.html"
"And Then There Were ...","£35.01","http://books.toscrape.com/catalogue/the-story-of-hong-gildong_84/index.html"
"Beowulf","£38.35","http://books.toscrape.com/catalogue/the-story-of-hong-gildong_84/index.html"
"The Complete Stories and ...","£26.78","http://books.toscrape.com/catalogue/the-story-of-hong-gildong_84/index.html"
"The Picture of Dorian ...","£29.70","http://books.toscrape.com/catalogue/the-story-of-hong-gildong_84/index.html"
"Animal Farm","£57.22","http://books.toscrape.com/catalogue/the-story-of-hong-gildong_84/index.html"
"Animal Farm","£57.22","http://books.toscrape.com/catalogue/wuthering-heights_307/index.html"
"Candide","£58.63","http://books.toscrape.com/catalogue/wuthering-heights_307/index.html"
"The Little Prince","£45.42","http://books.toscrape.com/catalogue/of-mice-and-men_37/index.html"
"And Then There Were ...","£35.01","http://books.toscrape.com/catalogue/of-mice-and-men_37/index.html"
"The Complete Stories and ...","£26.78","http://books.toscrape.com/catalogue/of-mice-and-men_37/index.html"
"Wuthering Heights","£17.73","http://books.toscrape.com/catalogue/the-complete-stories-and-poems-the-works-of-edgar-allan-poe-cameo-edition_238/index.html"
"Animal Farm","£57.22","http://books.toscrape.com/catalogue/the-complete-stories-and-poems-the-works-of-edgar-allan-poe-cameo-edition_238/index.html"
"Candide","£58.63","http://books.toscrape.com/catalogue/the-complete-stories-and-poems-the-works-of-edgar-allan-poe-cameo-edition_238/index.html"
"Gone with the Wind","£32.49","http://books.toscrape.com/catalogue/the-complete-stories-and-poems-the-works-of-edgar-allan-poe-cameo-edition_238/index.html"
"Little Women (Little Women ...","£28.07","http://books.toscrape.com/catalogue/the-complete-stories-and-poems-the-works-of-edgar-allan-poe-cameo-edition_238/index.html"
"Sense and Sensibility","£37.46","http://books.toscrape.com/catalogue/emma_17/index.html"
"The Story of Hong ...","£43.19","http://books.toscrape.com/catalogue/emma_17/index.html"
"And Then There Were ...","£35.01","http://books.toscrape.com/catalogue/emma_17/index.html"
"Beowulf","£38.35","http://books.toscrape.com/catalogue/emma_17/index.html"
"The Complete Stories and ...","£26.78","http://books.toscrape.com/catalogue/and-then-there-were-none_119/index.html"
"Animal Farm","£57.22","http://books.toscrape.com/catalogue/and-then-there-were-none_119/index.html"
"Emma","£32.93","http://books.toscrape.com/catalogue/alice-in-wonderland-alices-adventures-in-wonderland-1_5/index.html"
"Sense and Sensibility","£37.46","http://books.toscrape.com/catalogue/alice-in-wonderland-alices-adventures-in-wonderland-1_5/index.html"
"And Then There Were ...","£35.01","http://books.toscrape.com/catalogue/the-little-prince_72/index.html"
"Beowulf","£38.35","http://books.toscrape.com/catalogue/the-little-prince_72/index.html"
"The Picture of Dorian ...","£29.70","http://books.toscrape.com/catalogue/the-little-prince_72/index.html"
"Wuthering Heights","£17.73","http://books.toscrape.com/catalogue/the-little-prince_72/index.html"
"So You've Been Publicly ...","£12.23","http://books.toscrape.com/catalogue/love-is-a-mix-tape-music-1_711/index.html"
"The Omnivore's Dilemma: A ...","£38.21","http://books.toscrape.com/catalogue/love-is-a-mix-tape-music-1_711/index.html"
"The Power of Now: ...","£43.54","http://books.toscrape.com/catalogue/love-is-a-mix-tape-music-1_711/index.html"
"The Little Prince","£45.42","http://books.toscrape.com/catalogue/sense-and-sensibility_49/index.html"
"The Story of Hong ...","£43.19","http://books.toscrape.com/catalogue/sense-and-sensibility_49/index.html"
"And Then There Were ...","£35.01","http://books.toscrape.com/catalogue/sense-and-sensibility_49/index.html"
"Beowulf","£38.35","http://books.toscrape.com/catalogue/sense-and-sensibility_49/index.html"
"The Complete Stories and ...","£26.78","http://books.toscrape.com/catalogue/sense-and-sensibility_49/index.html"
"The Picture of Dorian ...","£29.70","http://books.toscrape.com/catalogue/sense-and-sensibility_49/index.html"
"Please Kill Me: The ...","£31.19","http://books.toscrape.com/catalogue/kill-em-and-leave-searching-for-james-brown-and-the-american-soul_528/index.html"
"How Music Works","£37.32","http://books.toscrape.com/catalogue/kill-em-and-leave-searching-for-james-brown-and-the-american-soul_528/index.html"
"The Artist's Way: A ...","£38.49","http://books.toscrape.com/catalogue/kill-em-and-leave-searching-for-james-brown-and-the-american-soul_528/index.html"
"Please Kill Me: The ...","£31.19","http://books.toscrape.com/catalogue/chronicles-vol-1_462/index.html"
"Love Is a Mix ...","£18.03","http://books.toscrape.com/catalogue/chronicles-vol-1_462/index.html"
"So You've Been Publicly ...","£12.23","http://books.toscrape.com/catalogue/chronicles-vol-1_462/index.html"
"Chronicles, Vol. 1","£52.60","http://books.toscrape.com/catalogue/this-is-your-brain-on-music-the-science-of-a-human-obsession_414/index.html"
"Please Kill Me: The ...","£31.19","http://books.toscrape.com/catalogue/this-is-your-brain-on-music-the-science-of-a-human-obsession_414/index.html"
"So You've Been Publicly ...","£12.23","http://books.toscrape.com/catalogue/this-is-your-brain-on-music-the-science-of-a-human-obsession_414/index.html"
"The Artist's Way: A ...","£38.49","http://books.toscrape.com/catalogue/how-music-works_979/index.html"
"Orchestra of Exiles: The ...","£12.36","http://books.toscrape.com/catalogue/no-one-here-gets-out-alive_336/index.html"
"Kill 'Em and Leave: ...","£45.05","http://books.toscrape.com/catalogue/no-one-here-gets-out-alive_336/index.html"
"Love Is a Mix ...","£18.03","http://books.toscrape.com/catalogue/no-one-here-gets-out-alive_336/index.html"
"How Music Works","£37.32","http://books.toscrape.com/catalogue/please-kill-me-the-uncensored-oral-history-of-punk_537/index.html"
"So You've Been Publicly ...","£12.23","http://books.toscrape.com/catalogue/please-kill-me-the-uncensored-oral-history-of-punk_537/index.html"
"No One Here Gets ...","£20.02","http://books.toscrape.com/catalogue/old-records-never-die-one-mans-quest-for-his-vinyl-and-his-past_39/index.html"
"Orchestra of Exiles: The ...","£12.36","http://books.toscrape.com/catalogue/old-records-never-die-one-mans-quest-for-his-vinyl-and-his-past_39/index.html"
"Life","£31.58","http://books.toscrape.com/catalogue/forever-rockers-the-rocker-12_19/index.html"
"Orchestra of Exiles: The ...","£12.36","http://books.toscrape.com/catalogue/forever-rockers-the-rocker-12_19/index.html"
"This Is Your Brain ...","£38.40","http://books.toscrape.com/catalogue/orchestra-of-exiles-the-story-of-bronislaw-huberman-the-israel-philharmonic-and-the-one-thousand-jews-he-saved-from-nazi-horrors_337/index.html"
"Kill 'Em and Leave: ...","£45.05","http://books.toscrape.com/catalogue/orchestra-of-exiles-the-story-of-bronislaw-huberman-the-israel-philharmonic-and-the-one-thousand-jews-he-saved-from-nazi-horrors_337/index.html"
"Love Is a Mix ...","£18.03","http://books.toscrape.com/catalogue/orchestra-of-exiles-the-story-of-bronislaw-huberman-the-israel-philharmonic-and-the-one-thousand-jews-he-saved-from-nazi-horrors_337/index.html"
"How Music Works","£37.32","http://books.toscrape.com/catalogue/orchestra-of-exiles-the-story-of-bronislaw-huberman-the-israel-philharmonic-and-the-one-thousand-jews-he-saved-from-nazi-horrors_337/index.html"
"Eligible (The Austen Project ...","£27.09","http://books.toscrape.com/catalogue/birdsong-a-story-in-pictures_975/index.html"
"I Am Pilgrim (Pilgrim ...","£10.60","http://books.toscrape.com/catalogue/birdsong-a-story-in-pictures_975/index.html"
"My Mrs. Brown","£24.48","http://books.toscrape.com/catalogue/birdsong-a-story-in-pictures_975/index.html"
"My Name Is Lucy ...","£41.56","http://books.toscrape.com/catalogue/birdsong-a-story-in-pictures_975/index.html"
"Eligible (The Austen Project ...","£27.09","http://books.toscrape.com/catalogue/the-bear-and-the-piano_967/index.html"
"Eligible (The Austen Project ...","£27.09","http://books.toscrape.com/catalogue/the-secret-of-dreadwillow-carse_944/index.html"
"I Am Pilgrim (Pilgrim ...","£10.60","http://books.toscrape.com/catalogue/the-secret-of-dreadwillow-carse_944/index.html"
"Mr. Mercedes (Bill Hodges ...","£28.90","http://books.toscrape.com/catalogue/the-secret-of-dreadwillow-carse_944/index.html"
"No One Here Gets ...","£20.02","http://books.toscrape.com/catalogue/life_104/index.html"
"Orchestra of Exiles: The ...","£12.36","http://books.toscrape.com/catalogue/life_104/index.html"
"This Is Your Brain ...","£38.40","http://books.toscrape.com/catalogue/life_104/index.html"
"Please Kill Me: The ...","£31.19","http://books.toscrape.com/catalogue/life_104/index.html"
"The Bear and the ...","£36.89","http://books.toscrape.com/catalogue/little-red_817/index.html"
"Little Red","£13.47","http://books.toscrape.com/catalogue/walt-disneys-alice-in-wonderland_777/index.html"
"The Secret of Dreadwillow ...","£56.13","http://books.toscrape.com/catalogue/walt-disneys-alice-in-wonderland_777/index.html"
"Birdsong: A Story in ...","£54.64","http://books.toscrape.com/catalogue/walt-disneys-alice-in-wonderland_777/index.html"
"Eligible (The Austen Project ...","£27.09","http://books.toscrape.com/catalogue/walt-disneys-alice-in-wonderland_777/index.html"
"Walt Disney's Alice in ...","£12.96","http://books.toscrape.com/catalogue/twenty-yawns_773/index.html"
"Little Red","£13.47","http://books.toscrape.com/catalogue/twenty-yawns_773/index.html"
"The Secret of Dreadwillow ...","£56.13","http://books.toscrape.com/catalogue/twenty-yawns_773/index.html"
"The Bear and the ...","£36.89","http://books.toscrape.com/catalogue/twenty-yawns_773/index.html"
"Birdsong: A Story in ...","£54.64","http://books.toscrape.com/catalogue/twenty-yawns_773/index.html"
"Walt Disney's Alice in ...","£12.96","http://books.toscrape.com/catalogue/rain-fish_728/index.html"
"The Secret of Dreadwillow ...","£56.13","http://books.toscrape.com/catalogue/rain-fish_728/index.html"
"Rain Fish","£23.57","http://books.toscrape.com/catalogue/once-was-a-time_724/index.html"
"Twenty Yawns","£22.08","http://books.toscrape.com/catalogue/once-was-a-time_724/index.html"
"Little Red","£13.47","http://books.toscrape.com/catalogue/once-was-a-time_724/index.html"
"Rain Fish","£23.57","http://books.toscrape.com/catalogue/luis-paints-the-world_714/index.html"
"Little Red","£13.47","http://books.toscrape.com/catalogue/luis-paints-the-world_714/index.html"
"The White Cat and ...","£58.08","http://books.toscrape.com/catalogue/luis-paints-the-world_714/index.html"
"The Bear and the ...","£36.89","http://books.toscrape.com/catalogue/the-white-cat-and-the-monk-a-retelling-of-the-poem-pangur-ban_865/index.html"
"Luis Paints the World","£53.95","http://books.toscrape.com/catalogue/nap-a-roo_567/index.html"
"Once Was a Time","£18.28","http://books.toscrape.com/catalogue/nap-a-roo_567/index.html"
"Rain Fish","£23.57","http://books.toscrape.com/catalogue/nap-a-roo_567/index.html"
"Twenty Yawns","£22.08","http://books.toscrape.com/catalogue/nap-a-roo_567/index.html"
"Walt Disney's Alice in ...","£12.96","http://books.toscrape.com/catalogue/nap-a-roo_567/index.html"
"Little Red","£13.47","http://books.toscrape.com/catalogue/nap-a-roo_567/index.html"
"Nap-a-Roo","£25.08","http://books.toscrape.com/catalogue/the-whale_501/index.html"
"Luis Paints the World","£53.95","http://books.toscrape.com/catalogue/the-whale_501/index.html"
"Once Was a Time","£18.28","http://books.toscrape.com/catalogue/raymie-nightingale_482/index.html"
"Rain Fish","£23.57","http://books.toscrape.com/catalogue/raymie-nightingale_482/index.html"
"Raymie Nightingale","£34.41","http://books.toscrape.com/catalogue/playing-from-the-heart_481/index.html"
"Shrunken Treasures: Literary Classics, ...","£52.87","http://books.toscrape.com/catalogue/playing-from-the-heart_481/index.html"
"The Whale","£35.96","http://books.toscrape.com/catalogue/playing-from-the-heart_481/index.html"
"Nap-a-Roo","£25.08","http://books.toscrape.com/catalogue/playing-from-the-heart_481/index.html"
"Luis Paints the World","£53.95","http://books.toscrape.com/catalogue/playing-from-the-heart_481/index.html"
"Once Was a Time","£18.28","http://books.toscrape.com/catalogue/playing-from-the-heart_481/index.html"
"Maybe Something Beautiful: How ...","£22.54","http://books.toscrape.com/catalogue/the-wild-robot_288/index.html"
"Nap-a-Roo","£25.08","http://books.toscrape.com/catalogue/the-wild-robot_288/index.html"
"Playing from the Heart","£32.38","http://books.toscrape.com/catalogue/the-lonely-ones_261/index.html"
"The Day the Crayons ...","£26.33","http://books.toscrape.com/catalogue/you-are-what-you-love-the-spiritual-power-of-habit_872/index.html"
"The Lonely Ones","£43.59","http://books.toscrape.com/catalogue/you-are-what-you-love-the-spiritual-power-of-habit_872/index.html"
"The Thing About Jellyfish","£48.77","http://books.toscrape.com/catalogue/you-are-what-you-love-the-spiritual-power-of-habit_872/index.html"
"Maybe Something Beautiful: How ...","£22.54","http://books.toscrape.com/catalogue/you-are-what-you-love-the-spiritual-power-of-habit_872/index.html"
"Maybe Something Beautiful: How ...","£22.54","http://books.toscrape.com/catalogue/the-thing-about-jellyfish_283/index.html"
"Do Androids Dream of ...","£51.48","http://books.toscrape.com/catalogue/the-book-of-basketball-the-nba-according-to-the-sports-guy_232/index.html"
"Dune (Dune #1)","£54.86","http://books.toscrape.com/catalogue/the-book-of-basketball-the-nba-according-to-the-sports-guy_232/index.html"
"Life, the Universe and ...","£33.26","http://books.toscrape.com/catalogue/the-book-of-basketball-the-nba-according-to-the-sports-guy_232/index.html"
"Having the Barbarian's Baby ...","£34.96","http://books.toscrape.com/catalogue/friday-night-lights-a-town-a-team-and-a-dream_158/index.html"
"The Last Girl (The ...","£36.26","http://books.toscrape.com/catalogue/friday-night-lights-a-town-a-team-and-a-dream_158/index.html"
"Do Androids Dream of ...","£51.48","http://books.toscrape.com/catalogue/friday-night-lights-a-town-a-team-and-a-dream_158/index.html"
"The Book of Basketball: ...","£44.84","http://books.toscrape.com/catalogue/sugar-rush-offensive-line-2_108/index.html"
"Having the Barbarian's Baby ...","£34.96","http://books.toscrape.com/catalogue/sugar-rush-offensive-line-2_108/index.html"
"The Last Girl (The ...","£36.26","http://books.toscrape.com/catalogue/sugar-rush-offensive-line-2_108/index.html"
"Three Wishes (River of ...","£44.18","http://books.toscrape.com/catalogue/sugar-rush-offensive-line-2_108/index.html"
"Do Androids Dream of ...","£51.48","http://books.toscrape.com/catalogue/sugar-rush-offensive-line-2_108/index.html"
"God: The Most Unpleasant ...","£30.03","http://books.toscrape.com/catalogue/the-book-of-mormon_571/index.html"
"Aladdin and His Wonderful ...","£53.13","http://books.toscrape.com/catalogue/maude-1883-1993she-grew-up-with-the-country_964/index.html"
"Forever Rockers (The Rocker ...","£28.80","http://books.toscrape.com/catalogue/maude-1883-1993she-grew-up-with-the-country_964/index.html"
"Aladdin and His Wonderful ...","£53.13","http://books.toscrape.com/catalogue/penny-maybe_965/index.html"
"America's Cradle of Quarterbacks: ...","£22.50","http://books.toscrape.com/catalogue/penny-maybe_965/index.html"
"Forever Rockers (The Rocker ...","£28.80","http://books.toscrape.com/catalogue/penny-maybe_965/index.html"
"Old Records Never Die: ...","£55.66","http://books.toscrape.com/catalogue/penny-maybe_965/index.html"
"Maude (1883-1993):She Grew Up ...","£18.02","http://books.toscrape.com/catalogue/the-inefficiency-assassin-time-management-tactics-for-working-smarter-not-longer_935/index.html"
"Aladdin and His Wonderful ...","£53.13","http://books.toscrape.com/catalogue/the-inefficiency-assassin-time-management-tactics-for-working-smarter-not-longer_935/index.html"
"Sugar Rush (Offensive Line ...","£24.42","http://books.toscrape.com/catalogue/settling-the-score-the-summer-games-1_50/index.html"
"Friday Night Lights: A ...","£51.22","http://books.toscrape.com/catalogue/settling-the-score-the-summer-games-1_50/index.html"
"The Book of Basketball: ...","£44.84","http://books.toscrape.com/catalogue/settling-the-score-the-summer-games-1_50/index.html"
"Having the Barbarian's Baby ...","£34.96","http://books.toscrape.com/catalogue/settling-the-score-the-summer-games-1_50/index.html"
"The Last Girl (The ...","£36.26","http://books.toscrape.com/catalogue/settling-the-score-the-summer-games-1_50/index.html"
"Three Wishes (River of ...","£44.18","http://books.toscrape.com/catalogue/settling-the-score-the-summer-games-1_50/index.html"
"The Inefficiency Assassin: Time ...","£20.59","http://books.toscrape.com/catalogue/soul-reader_926/index.html"
"Maude (1883-1993):She Grew Up ...","£18.02","http://books.toscrape.com/catalogue/soul-reader_926/index.html"
"Penny Maybe","£33.29","http://books.toscrape.com/catalogue/soul-reader_926/index.html"
"Aladdin and His Wonderful ...","£53.13","http://books.toscrape.com/catalogue/soul-reader_926/index.html"
"America's Cradle of Quarterbacks: ...","£22.50","http://books.toscrape.com/catalogue/soul-reader_926/index.html"
"Forever Rockers (The Rocker ...","£28.80","http://books.toscrape.com/catalogue/soul-reader_926/index.html"
"Soul Reader","£39.58","http://books.toscrape.com/catalogue/bossypants_883/index.html"
"The Inefficiency Assassin: Time ...","£20.59","http://books.toscrape.com/catalogue/bossypants_883/index.html"
"Maude (1883-1993):She Grew Up ...","£18.02","http://books.toscrape.com/catalogue/bossypants_883/index.html"
"Penny Maybe","£33.29","http://books.toscrape.com/catalogue/bossypants_883/index.html"
"Aladdin and His Wonderful ...","£53.13","http://books.toscrape.com/catalogue/bossypants_883/index.html"
"America's Cradle of Quarterbacks: ...","£22.50","http://books.toscrape.com/catalogue/bossypants_883/index.html"
"Bossypants","£49.46","http://books.toscrape.com/catalogue/a-world-of-flavor-your-gluten-free-passport_879/index.html"
"Soul Reader","£39.58","http://books.toscrape.com/catalogue/a-world-of-flavor-your-gluten-free-passport_879/index.html"
"The Inefficiency Assassin: Time ...","£20.59","http://books.toscrape.com/catalogue/a-world-of-flavor-your-gluten-free-passport_879/index.html"
"Maude (1883-1993):She Grew Up ...","£18.02","http://books.toscrape.com/catalogue/a-world-of-flavor-your-gluten-free-passport_879/index.html"
"Penny Maybe","£33.29","http://books.toscrape.com/catalogue/a-world-of-flavor-your-gluten-free-passport_879/index.html"
"Aladdin and His Wonderful ...","£53.13","http://books.toscrape.com/catalogue/a-world-of-flavor-your-gluten-free-passport_879/index.html"
"Thirteen Reasons Why","£52.72","http://books.toscrape.com/catalogue/the-secret-the-secret-1_859/index.html"
"Tracing Numbers on a ...","£41.60","http://books.toscrape.com/catalogue/the-secret-the-secret-1_859/index.html"
"A Piece of Sky, ...","£56.76","http://books.toscrape.com/catalogue/the-secret-the-secret-1_859/index.html"
"Bossypants","£49.46","http://books.toscrape.com/catalogue/the-secret-the-secret-1_859/index.html"
"The Secret (The Secret ...","£27.37","http://books.toscrape.com/catalogue/the-kite-runner_847/index.html"
"Tracing Numbers on a ...","£41.60","http://books.toscrape.com/catalogue/the-kite-runner_847/index.html"
"A Piece of Sky, ...","£56.76","http://books.toscrape.com/catalogue/the-kite-runner_847/index.html"
"Thirteen Reasons Why","£52.72","http://books.toscrape.com/catalogue/the-girl-on-the-train_844/index.html"
"Tracing Numbers on a ...","£41.60","http://books.toscrape.com/catalogue/the-girl-on-the-train_844/index.html"
"A Piece of Sky, ...","£56.76","http://books.toscrape.com/catalogue/the-girl-on-the-train_844/index.html"
"Forever Rockers (The Rocker ...","£28.80","http://books.toscrape.com/catalogue/americas-cradle-of-quarterbacks-western-pennsylvanias-football-factory-from-johnny-unitas-to-joe-montana_974/index.html"
"Life","£31.58","http://books.toscrape.com/catalogue/americas-cradle-of-quarterbacks-western-pennsylvanias-football-factory-from-johnny-unitas-to-joe-montana_974/index.html"
"Orchestra of Exiles: The ...","£12.36","http://books.toscrape.com/catalogue/americas-cradle-of-quarterbacks-western-pennsylvanias-football-factory-from-johnny-unitas-to-joe-montana_974/index.html"
"Bossypants","£49.46","http://books.toscrape.com/catalogue/tracing-numbers-on-a-train_869/index.html"
"Soul Reader","£39.58","http://books.toscrape.com/catalogue/tracing-numbers-on-a-train_869/index.html"
"The Inefficiency Assassin: Time ...","£20.59","http://books.toscrape.com/catalogue/tracing-numbers-on-a-train_869/index.html"
"Maude (1883-1993):She Grew Up ...","£18.02","http://books.toscrape.com/catalogue/tracing-numbers-on-a-train_869/index.html"
"Tracing Numbers on a ...","£41.60","http://books.toscrape.com/catalogue/the-psychopath-test-a-journey-through-the-madness-industry_857/index.html"
"A World of Flavor: ...","£42.95","http://books.toscrape.com/catalogue/the-psychopath-test-a-journey-through-the-madness-industry_857/index.html"
"Settling the Score (The ...","£44.91","http://books.toscrape.com/catalogue/icing-aces-hockey-2_25/index.html"
"Friday Night Lights: A ...","£51.22","http://books.toscrape.com/catalogue/icing-aces-hockey-2_25/index.html"
"A World of Flavor: ...","£42.95","http://books.toscrape.com/catalogue/a-piece-of-sky-a-grain-of-rice-a-memoir-in-four-meditations_878/index.html"
"Soul Reader","£39.58","http://books.toscrape.com/catalogue/a-piece-of-sky-a-grain-of-rice-a-memoir-in-four-meditations_878/index.html"
"Secrets and Lace (Fatal ...","£20.27","http://books.toscrape.com/catalogue/category/books/default_15/page-2.html"
"Romero and Juliet: A ...","£36.94","http://books.toscrape.com/catalogue/category/books/default_15/page-2.html"
"Poses for Artists Volume ...","£41.06","http://books.toscrape.com/catalogue/category/books/default_15/page-2.html"
"Miss Peregrine’s Home for ...","£10.76","http://books.toscrape.com/catalogue/category/books/default_15/page-2.html"
"Beauty Restored (Riley Family ...","£11.11","http://books.toscrape.com/catalogue/category/books/default_15/page-2.html"
"Anonymous","£46.82","http://books.toscrape.com/catalogue/category/books/default_15/page-2.html"
"Amatus","£50.54","http://books.toscrape.com/catalogue/category/books/default_15/page-2.html"
"Unbroken: A World War ...","£45.95","http://books.toscrape.com/catalogue/category/books/default_15/page-2.html"
"The Songs of the ...","£44.48","http://books.toscrape.com/catalogue/category/books/default_15/page-2.html"
"Searching for Meaning in ...","£38.73","http://books.toscrape.com/catalogue/without-borders-wanderlove-1_956/index.html"
"City of Glass (The ...","£56.02","http://books.toscrape.com/catalogue/without-borders-wanderlove-1_956/index.html"
"Demigods & Magicians: Percy ...","£37.51","http://books.toscrape.com/catalogue/without-borders-wanderlove-1_956/index.html"
"King's Folly (The Kinsman ...","£39.61","http://books.toscrape.com/catalogue/the-mistake-off-campus-2_851/index.html"
"A Shard of Ice ...","£56.63","http://books.toscrape.com/catalogue/the-mistake-off-campus-2_851/index.html"
"Searching for Meaning in ...","£38.73","http://books.toscrape.com/catalogue/the-mistake-off-campus-2_851/index.html"
"City of Glass (The ...","£56.02","http://books.toscrape.com/catalogue/the-mistake-off-campus-2_851/index.html"
"Tracing Numbers on a ...","£41.60","http://books.toscrape.com/catalogue/thirteen-reasons-why_866/index.html"
"A Piece of Sky, ...","£56.76","http://books.toscrape.com/catalogue/thirteen-reasons-why_866/index.html"
"Bossypants","£49.46","http://books.toscrape.com/catalogue/thirteen-reasons-why_866/index.html"
"The Hook Up (Game ...","£36.29","http://books.toscrape.com/catalogue/off-sides-off-1_38/index.html"
"Without Borders (Wanderlove #1)","£45.07","http://books.toscrape.com/catalogue/off-sides-off-1_38/index.html"
"Choosing Our Religion: The ...","£28.42","http://books.toscrape.com/catalogue/worlds-elsewhere-journeys-around-shakespeares-globe_972/index.html"
"The Bhagavad Gita","£57.49","http://books.toscrape.com/catalogue/worlds-elsewhere-journeys-around-shakespeares-globe_972/index.html"
"A History of God: ...","£27.62","http://books.toscrape.com/catalogue/worlds-elsewhere-journeys-around-shakespeares-globe_972/index.html"
"The Book of Mormon","£24.57","http://books.toscrape.com/catalogue/worlds-elsewhere-journeys-around-shakespeares-globe_972/index.html"
"You Are What You ...","£21.87","http://books.toscrape.com/catalogue/worlds-elsewhere-journeys-around-shakespeares-globe_972/index.html"
"Thirteen Reasons Why","£52.72","http://books.toscrape.com/catalogue/the-emerald-mystery_842/index.html"
"Worlds Elsewhere: Journeys Around ...","£40.30","http://books.toscrape.com/catalogue/reasons-to-stay-alive_959/index.html"
"The Bhagavad Gita","£57.49","http://books.toscrape.com/catalogue/reasons-to-stay-alive_959/index.html"
"The Book of Mormon","£24.57","http://books.toscrape.com/catalogue/reasons-to-stay-alive_959/index.html"
"The Emerald Mystery","£23.15","http://books.toscrape.com/catalogue/the-bridge-to-consciousness-im-writing-the-bridge-between-science-and-our-old-and-new-beliefs_840/index.html"
"The Girl on the ...","£55.02","http://books.toscrape.com/catalogue/the-bridge-to-consciousness-im-writing-the-bridge-between-science-and-our-old-and-new-beliefs_840/index.html"
"The Kite Runner","£41.82","http://books.toscrape.com/catalogue/the-bridge-to-consciousness-im-writing-the-bridge-between-science-and-our-old-and-new-beliefs_840/index.html"
"The Psychopath Test: A ...","£36.00","http://books.toscrape.com/catalogue/the-bridge-to-consciousness-im-writing-the-bridge-between-science-and-our-old-and-new-beliefs_840/index.html"
"The Secret (The Secret ...","£27.37","http://books.toscrape.com/catalogue/the-bridge-to-consciousness-im-writing-the-bridge-between-science-and-our-old-and-new-beliefs_840/index.html"
"Thirteen Reasons Why","£52.72","http://books.toscrape.com/catalogue/the-bridge-to-consciousness-im-writing-the-bridge-between-science-and-our-old-and-new-beliefs_840/index.html"
"Worlds Elsewhere: Journeys Around ...","£40.30","http://books.toscrape.com/catalogue/the-five-love-languages-how-to-express-heartfelt-commitment-to-your-mate_969/index.html"
"Choosing Our Religion: The ...","£28.42","http://books.toscrape.com/catalogue/the-five-love-languages-how-to-express-heartfelt-commitment-to-your-mate_969/index.html"
"The Bhagavad Gita","£57.49","http://books.toscrape.com/catalogue/the-five-love-languages-how-to-express-heartfelt-commitment-to-your-mate_969/index.html"
"A History of God: ...","£27.62","http://books.toscrape.com/catalogue/the-five-love-languages-how-to-express-heartfelt-commitment-to-your-mate_969/index.html"
"The Book of Mormon","£24.57","http://books.toscrape.com/catalogue/the-five-love-languages-how-to-express-heartfelt-commitment-to-your-mate_969/index.html"
"God: The Most Unpleasant ...","£30.03","http://books.toscrape.com/catalogue/the-five-love-languages-how-to-express-heartfelt-commitment-to-your-mate_969/index.html"
"#HigherSelfie: Wake Up Your ...","£23.11","http://books.toscrape.com/catalogue/unseen-city-the-majesty-of-pigeons-the-discreet-charm-of-snails-other-wonders-of-the-urban-wilderness_952/index.html"
"Reasons to Stay Alive","£26.41","http://books.toscrape.com/catalogue/unseen-city-the-majesty-of-pigeons-the-discreet-charm-of-snails-other-wonders-of-the-urban-wilderness_952/index.html"
"The Five Love Languages: ...","£31.05","http://books.toscrape.com/catalogue/unseen-city-the-majesty-of-pigeons-the-discreet-charm-of-snails-other-wonders-of-the-urban-wilderness_952/index.html"
"Choosing Our Religion: The ...","£28.42","http://books.toscrape.com/catalogue/unseen-city-the-majesty-of-pigeons-the-discreet-charm-of-snails-other-wonders-of-the-urban-wilderness_952/index.html"
"The Bhagavad Gita","£57.49","http://books.toscrape.com/catalogue/unseen-city-the-majesty-of-pigeons-the-discreet-charm-of-snails-other-wonders-of-the-urban-wilderness_952/index.html"
"Unseen City: The Majesty ...","£44.18","http://books.toscrape.com/catalogue/throwing-rocks-at-the-google-bus-how-growth-became-the-enemy-of-prosperity_948/index.html"
"#HigherSelfie: Wake Up Your ...","£23.11","http://books.toscrape.com/catalogue/throwing-rocks-at-the-google-bus-how-growth-became-the-enemy-of-prosperity_948/index.html"
"The Five Love Languages: ...","£31.05","http://books.toscrape.com/catalogue/throwing-rocks-at-the-google-bus-how-growth-became-the-enemy-of-prosperity_948/index.html"
"Worlds Elsewhere: Journeys Around ...","£40.30","http://books.toscrape.com/catalogue/throwing-rocks-at-the-google-bus-how-growth-became-the-enemy-of-prosperity_948/index.html"
"Throwing Rocks at the ...","£31.12","http://books.toscrape.com/catalogue/the-life-changing-magic-of-tidying-up-the-japanese-art-of-decluttering-and-organizing_936/index.html"
"Unseen City: The Majesty ...","£44.18","http://books.toscrape.com/catalogue/the-life-changing-magic-of-tidying-up-the-japanese-art-of-decluttering-and-organizing_936/index.html"
"#HigherSelfie: Wake Up Your ...","£23.11","http://books.toscrape.com/catalogue/the-life-changing-magic-of-tidying-up-the-japanese-art-of-decluttering-and-organizing_936/index.html"
"Reasons to Stay Alive","£26.41","http://books.toscrape.com/catalogue/the-life-changing-magic-of-tidying-up-the-japanese-art-of-decluttering-and-organizing_936/index.html"
"The Five Love Languages: ...","£31.05","http://books.toscrape.com/catalogue/the-life-changing-magic-of-tidying-up-the-japanese-art-of-decluttering-and-organizing_936/index.html"
"Worlds Elsewhere: Journeys Around ...","£40.30","http://books.toscrape.com/catalogue/the-life-changing-magic-of-tidying-up-the-japanese-art-of-decluttering-and-organizing_936/index.html"
"Reasons to Stay Alive","£26.41","http://books.toscrape.com/catalogue/higherselfie-wake-up-your-life-free-your-soul-find-your-tribe_957/index.html"
"The Five Love Languages: ...","£31.05","http://books.toscrape.com/catalogue/higherselfie-wake-up-your-life-free-your-soul-find-your-tribe_957/index.html"
"Worlds Elsewhere: Journeys Around ...","£40.30","http://books.toscrape.com/catalogue/higherselfie-wake-up-your-life-free-your-soul-find-your-tribe_957/index.html"
"Choosing Our Religion: The ...","£28.42","http://books.toscrape.com/catalogue/higherselfie-wake-up-your-life-free-your-soul-find-your-tribe_957/index.html"
"The Bhagavad Gita","£57.49","http://books.toscrape.com/catalogue/higherselfie-wake-up-your-life-free-your-soul-find-your-tribe_957/index.html"
"A History of God: ...","£27.62","http://books.toscrape.com/catalogue/higherselfie-wake-up-your-life-free-your-soul-find-your-tribe_957/index.html"
"The Life-Changing Magic of ...","£16.77","http://books.toscrape.com/catalogue/the-gutsy-girl-escapades-for-your-life-of-epic-adventure_934/index.html"
"The Five Love Languages: ...","£31.05","http://books.toscrape.com/catalogue/the-gutsy-girl-escapades-for-your-life-of-epic-adventure_934/index.html"
"The Life-Changing Magic of ...","£16.77","http://books.toscrape.com/catalogue/the-electric-pencil-drawings-from-inside-state-hospital-no-3_933/index.html"
"Reasons to Stay Alive","£26.41","http://books.toscrape.com/catalogue/the-electric-pencil-drawings-from-inside-state-hospital-no-3_933/index.html"
"Reskilling America: Learning to ...","£19.83","http://books.toscrape.com/catalogue/algorithms-to-live-by-the-computer-science-of-human-decisions_880/index.html"
"Spark Joy: An Illustrated ...","£41.83","http://books.toscrape.com/catalogue/algorithms-to-live-by-the-computer-science-of-human-decisions_880/index.html"
"In the Country We ...","£22.00","http://books.toscrape.com/catalogue/everydata-the-misinformation-hidden-in-the-little-data-you-consume-every-day_891/index.html"
"The Gutsy Girl: Escapades ...","£37.13","http://books.toscrape.com/catalogue/everydata-the-misinformation-hidden-in-the-little-data-you-consume-every-day_891/index.html"
"Everydata: The Misinformation Hidden ...","£54.35","http://books.toscrape.com/catalogue/call-the-nurse-true-stories-of-a-country-nurse-on-a-scottish-isle_885/index.html"
"In the Country We ...","£22.00","http://books.toscrape.com/catalogue/call-the-nurse-true-stories-of-a-country-nurse-on-a-scottish-isle_885/index.html"
"Reskilling America: Learning to ...","£19.83","http://books.toscrape.com/catalogue/call-the-nurse-true-stories-of-a-country-nurse-on-a-scottish-isle_885/index.html"
"The Gutsy Girl: Escapades ...","£37.13","http://books.toscrape.com/catalogue/call-the-nurse-true-stories-of-a-country-nurse-on-a-scottish-isle_885/index.html"
"Call the Nurse: True ...","£29.14","http://books.toscrape.com/catalogue/the-power-of-now-a-guide-to-spiritual-enlightenment_855/index.html"
"Everydata: The Misinformation Hidden ...","£54.35","http://books.toscrape.com/catalogue/the-power-of-now-a-guide-to-spiritual-enlightenment_855/index.html"
"In the Country We ...","£22.00","http://books.toscrape.com/catalogue/the-power-of-now-a-guide-to-spiritual-enlightenment_855/index.html"
"Reskilling America: Learning to ...","£19.83","http://books.toscrape.com/catalogue/the-power-of-now-a-guide-to-spiritual-enlightenment_855/index.html"
"Spark Joy: An Illustrated ...","£41.83","http://books.toscrape.com/catalogue/the-power-of-now-a-guide-to-spiritual-enlightenment_855/index.html"
"The Artist's Way: A ...","£38.49","http://books.toscrape.com/catalogue/so-youve-been-publicly-shamed_832/index.html"
"Algorithms to Live By: ...","£30.81","http://books.toscrape.com/catalogue/the-omnivores-dilemma-a-natural-history-of-four-meals_854/index.html"
"Call the Nurse: True ...","£29.14","http://books.toscrape.com/catalogue/the-omnivores-dilemma-a-natural-history-of-four-meals_854/index.html"
"In the Country We ...","£22.00","http://books.toscrape.com/catalogue/the-omnivores-dilemma-a-natural-history-of-four-meals_854/index.html"
"Reskilling America: Learning to ...","£19.83","http://books.toscrape.com/catalogue/the-omnivores-dilemma-a-natural-history-of-four-meals_854/index.html"
"The Genius of Birds","£17.24","http://books.toscrape.com/catalogue/the-artists-way-a-spiritual-path-to-higher-creativity_839/index.html"
"The Power of Now: ...","£43.54","http://books.toscrape.com/catalogue/the-artists-way-a-spiritual-path-to-higher-creativity_839/index.html"
"Algorithms to Live By: ...","£30.81","http://books.toscrape.com/catalogue/the-artists-way-a-spiritual-path-to-higher-creativity_839/index.html"
"Everydata: The Misinformation Hidden ...","£54.35","http://books.toscrape.com/catalogue/the-artists-way-a-spiritual-path-to-higher-creativity_839/index.html"
"The Power of Now: ...","£43.54","http://books.toscrape.com/catalogue/the-genius-of-birds_843/index.html"
"Call the Nurse: True ...","£29.14","http://books.toscrape.com/catalogue/the-genius-of-birds_843/index.html"
"Everydata: The Misinformation Hidden ...","£54.35","http://books.toscrape.com/catalogue/the-genius-of-birds_843/index.html"
"The Natural History of ...","£45.22","http://books.toscrape.com/catalogue/burning_884/index.html"
"Obsidian (Lux #1)","£14.86","http://books.toscrape.com/catalogue/a-fierce-and-subtle-poison_875/index.html"
"Off Sides (Off #1)","£39.45","http://books.toscrape.com/catalogue/burning_884/index.html"
"The Hook Up (Game ...","£36.29","http://books.toscrape.com/catalogue/burning_884/index.html"
"Shameless","£58.35","http://books.toscrape.com/catalogue/a-fierce-and-subtle-poison_875/index.html"
"The Hook Up (Game ...","£36.29","http://books.toscrape.com/catalogue/a-fierce-and-subtle-poison_875/index.html"
"Off Sides (Off #1)","£39.45","http://books.toscrape.com/catalogue/the-natural-history-of-us-the-fine-art-of-pretending-2_941/index.html"
"Shameless","£58.35","http://books.toscrape.com/catalogue/the-natural-history-of-us-the-fine-art-of-pretending-2_941/index.html"
"Without Borders (Wanderlove #1)","£45.07","http://books.toscrape.com/catalogue/the-natural-history-of-us-the-fine-art-of-pretending-2_941/index.html"
"The Natural History of ...","£45.22","http://books.toscrape.com/catalogue/obsidian-lux-1_911/index.html"
"Scarlett Epstein Hates It ...","£43.55","http://books.toscrape.com/catalogue/library-of-souls-miss-peregrines-peculiar-children-3_816/index.html"
"A Fierce and Subtle ...","£28.13","http://books.toscrape.com/catalogue/library-of-souls-miss-peregrines-peculiar-children-3_816/index.html"
"Burning","£28.81","http://books.toscrape.com/catalogue/library-of-souls-miss-peregrines-peculiar-children-3_816/index.html"
"Obsidian (Lux #1)","£14.86","http://books.toscrape.com/catalogue/library-of-souls-miss-peregrines-peculiar-children-3_816/index.html"
"The Natural History of ...","£45.22","http://books.toscrape.com/catalogue/library-of-souls-miss-peregrines-peculiar-children-3_816/index.html"
"Frostbite (Vampire Academy #2)","£29.99","http://books.toscrape.com/catalogue/wild-swans_782/index.html"
"Nightingale, Sing","£38.28","http://books.toscrape.com/catalogue/wild-swans_782/index.html"
"Burning","£28.81","http://books.toscrape.com/catalogue/wild-swans_782/index.html"
"Becoming Wise: An Inquiry ...","£27.43","http://books.toscrape.com/catalogue/category/books/nonfiction_13/page-2.html"
"Whole Lotta Creativity Going ...","£38.20","http://books.toscrape.com/catalogue/category/books/nonfiction_13/page-2.html"
"What's It Like in ...","£19.60","http://books.toscrape.com/catalogue/category/books/nonfiction_13/page-2.html"
"The Year of Magical ...","£43.04","http://books.toscrape.com/catalogue/category/books/nonfiction_13/page-2.html"
"The Bad-Ass Librarians of ...","£15.77","http://books.toscrape.com/catalogue/category/books/nonfiction_13/page-2.html"
"Swell: A Year of ...","£45.58","http://books.toscrape.com/catalogue/category/books/nonfiction_13/page-2.html"
"No Dream Is Too ...","£21.95","http://books.toscrape.com/catalogue/category/books/nonfiction_13/page-2.html"
"Looking for Lovely: Collecting ...","£29.14","http://books.toscrape.com/catalogue/category/books/nonfiction_13/page-2.html"
"Hamilton: The Revolution","£58.79","http://books.toscrape.com/catalogue/category/books/nonfiction_13/page-2.html"
"Eaternity: More than 150 ...","£51.75","http://books.toscrape.com/catalogue/category/books/nonfiction_13/page-2.html"
"Brain on Fire: My ...","£49.32","http://books.toscrape.com/catalogue/category/books/nonfiction_13/page-2.html"
"13 Hours: The Inside ...","£27.06","http://books.toscrape.com/catalogue/category/books/nonfiction_13/page-2.html"
"Frostbite (Vampire Academy #2)","£29.99","http://books.toscrape.com/catalogue/until-friday-night-the-field-party-1_775/index.html"
"Nightingale, Sing","£38.28","http://books.toscrape.com/catalogue/until-friday-night-the-field-party-1_775/index.html"
"A Fierce and Subtle ...","£28.13","http://books.toscrape.com/catalogue/until-friday-night-the-field-party-1_775/index.html"
"Frostbite (Vampire Academy #2)","£29.99","http://books.toscrape.com/catalogue/this-is-where-it-ends_771/index.html"
"The Darkest Lie","£35.35","http://books.toscrape.com/catalogue/my-kind-of-crazy_718/index.html"
"This Is Where It ...","£27.12","http://books.toscrape.com/catalogue/my-kind-of-crazy_718/index.html"
"Until Friday Night (The ...","£46.31","http://books.toscrape.com/catalogue/my-kind-of-crazy_718/index.html"
"Wild Swans","£14.36","http://books.toscrape.com/catalogue/my-kind-of-crazy_718/index.html"
"Frostbite (Vampire Academy #2)","£29.99","http://books.toscrape.com/catalogue/my-kind-of-crazy_718/index.html"
"My Kind of Crazy","£40.36","http://books.toscrape.com/catalogue/catching-jordan-hundred-oaks_673/index.html"
"This Is Where It ...","£27.12","http://books.toscrape.com/catalogue/catching-jordan-hundred-oaks_673/index.html"
"Wild Swans","£14.36","http://books.toscrape.com/catalogue/catching-jordan-hundred-oaks_673/index.html"
"Wild Swans","£14.36","http://books.toscrape.com/catalogue/the-darkest-lie_747/index.html"
"Frostbite (Vampire Academy #2)","£29.99","http://books.toscrape.com/catalogue/the-darkest-lie_747/index.html"
"The Darkest Lie","£35.35","http://books.toscrape.com/catalogue/dont-get-caught_687/index.html"
"This Is Where It ...","£27.12","http://books.toscrape.com/catalogue/dont-get-caught_687/index.html"
"Wild Swans","£14.36","http://books.toscrape.com/catalogue/dont-get-caught_687/index.html"
"The Bridge to Consciousness: ...","£32.00","http://books.toscrape.com/catalogue/join_902/index.html"
"The Girl on the ...","£55.02","http://books.toscrape.com/catalogue/join_902/index.html"
"Catching Jordan (Hundred Oaks)","£50.83","http://books.toscrape.com/catalogue/the-epidemic-the-program-06_636/index.html"
"My Kind of Crazy","£40.36","http://books.toscrape.com/catalogue/the-epidemic-the-program-06_636/index.html"
"This Is Where It ...","£27.12","http://books.toscrape.com/catalogue/the-epidemic-the-program-06_636/index.html"
"The Epidemic (The Program ...","£14.44","http://books.toscrape.com/catalogue/stars-above-the-lunar-chronicles-45_632/index.html"
"Aristotle and Dante Discover ...","£58.14","http://books.toscrape.com/catalogue/stars-above-the-lunar-chronicles-45_632/index.html"
"Catching Jordan (Hundred Oaks)","£50.83","http://books.toscrape.com/catalogue/stars-above-the-lunar-chronicles-45_632/index.html"
"Don't Get Caught","£55.35","http://books.toscrape.com/catalogue/stars-above-the-lunar-chronicles-45_632/index.html"
"My Kind of Crazy","£40.36","http://books.toscrape.com/catalogue/stars-above-the-lunar-chronicles-45_632/index.html"
"The Darkest Lie","£35.35","http://books.toscrape.com/catalogue/stars-above-the-lunar-chronicles-45_632/index.html"
"Soft Apocalypse","£26.12","http://books.toscrape.com/catalogue/sleeping-giants-themis-files-1_604/index.html"
"The Project","£10.65","http://books.toscrape.com/catalogue/sleeping-giants-themis-files-1_604/index.html"
"William Shakespeare's Star Wars: ...","£43.30","http://books.toscrape.com/catalogue/sleeping-giants-themis-files-1_604/index.html"
"Join","£35.67","http://books.toscrape.com/catalogue/sleeping-giants-themis-files-1_604/index.html"
"The Bridge to Consciousness: ...","£32.00","http://books.toscrape.com/catalogue/sleeping-giants-themis-files-1_604/index.html"
"The Emerald Mystery","£23.15","http://books.toscrape.com/catalogue/sleeping-giants-themis-files-1_604/index.html"
"Arena","£21.36","http://books.toscrape.com/catalogue/foundation-foundation-publication-order-1_375/index.html"
"Sleeping Giants (Themis Files ...","£48.74","http://books.toscrape.com/catalogue/foundation-foundation-publication-order-1_375/index.html"
"Soft Apocalypse","£26.12","http://books.toscrape.com/catalogue/foundation-foundation-publication-order-1_375/index.html"
"The Project","£10.65","http://books.toscrape.com/catalogue/foundation-foundation-publication-order-1_375/index.html"
"William Shakespeare's Star Wars: ...","£43.30","http://books.toscrape.com/catalogue/foundation-foundation-publication-order-1_375/index.html"
"Join","£35.67","http://books.toscrape.com/catalogue/foundation-foundation-publication-order-1_375/index.html"
"The Project","£10.65","http://books.toscrape.com/catalogue/soft-apocalypse_833/index.html"
"Join","£35.67","http://books.toscrape.com/catalogue/soft-apocalypse_833/index.html"
"The Restaurant at the ...","£10.92","http://books.toscrape.com/catalogue/life-the-universe-and-everything-hitchhikers-guide-to-the-galaxy-3_189/index.html"
"Foundation (Foundation (Publication Order) ...","£32.42","http://books.toscrape.com/catalogue/dune-dune-1_151/index.html"
"Arena","£21.36","http://books.toscrape.com/catalogue/dune-dune-1_151/index.html"
"Sleeping Giants (Themis Files ...","£48.74","http://books.toscrape.com/catalogue/dune-dune-1_151/index.html"
"Sleeping Giants (Themis Files ...","£48.74","http://books.toscrape.com/catalogue/arena_587/index.html"
"William Shakespeare's Star Wars: ...","£43.30","http://books.toscrape.com/catalogue/arena_587/index.html"
"No Love Allowed (Dodge ...","£54.65","http://books.toscrape.com/catalogue/category/books/young-adult_21/page-2.html"
"The Alien Club","£54.40","http://books.toscrape.com/catalogue/category/books/young-adult_21/page-2.html"
"Future Shock (Future Shock ...","£55.65","http://books.toscrape.com/catalogue/category/books/young-adult_21/page-2.html"
"Where She Went (If ...","£41.73","http://books.toscrape.com/catalogue/category/books/young-adult_21/page-2.html"
"Two Summers","£14.64","http://books.toscrape.com/catalogue/category/books/young-adult_21/page-2.html"
"The Darkest Corners","£11.33","http://books.toscrape.com/catalogue/category/books/young-adult_21/page-2.html"
"Tell Me Three Things","£41.81","http://books.toscrape.com/catalogue/category/books/young-adult_21/page-2.html"
"Kill the Boy Band","£15.52","http://books.toscrape.com/catalogue/category/books/young-adult_21/page-2.html"
"Isla and the Happily ...","£48.13","http://books.toscrape.com/catalogue/category/books/young-adult_21/page-2.html"
"Harry Potter and the ...","£24.17","http://books.toscrape.com/catalogue/category/books/young-adult_21/page-2.html"
"Walk the Edge (Thunder ...","£32.36","http://books.toscrape.com/catalogue/category/books/young-adult_21/page-2.html"
"Sleeping Giants (Themis Files ...","£48.74","http://books.toscrape.com/catalogue/the-restaurant-at-the-end-of-the-universe-hitchhikers-guide-to-the-galaxy-2_275/index.html"
"Soft Apocalypse","£26.12","http://books.toscrape.com/catalogue/the-restaurant-at-the-end-of-the-universe-hitchhikers-guide-to-the-galaxy-2_275/index.html"
"The Restaurant at the ...","£10.92","http://books.toscrape.com/catalogue/do-androids-dream-of-electric-sheep-blade-runner-1_149/index.html"
"Arena","£21.36","http://books.toscrape.com/catalogue/do-androids-dream-of-electric-sheep-blade-runner-1_149/index.html"
"The Restaurant at the ...","£10.92","http://books.toscrape.com/catalogue/ready-player-one_209/index.html"
"Foundation (Foundation (Publication Order) ...","£32.42","http://books.toscrape.com/catalogue/ready-player-one_209/index.html"
"Arena","£21.36","http://books.toscrape.com/catalogue/ready-player-one_209/index.html"
"Sleeping Giants (Themis Files ...","£48.74","http://books.toscrape.com/catalogue/ready-player-one_209/index.html"
"Soft Apocalypse","£26.12","http://books.toscrape.com/catalogue/ready-player-one_209/index.html"
"The Project","£10.65","http://books.toscrape.com/catalogue/ready-player-one_209/index.html"
"Ready Player One","£19.07","http://books.toscrape.com/catalogue/three-wishes-river-of-time-california-1_89/index.html"
"The Restaurant at the ...","£10.92","http://books.toscrape.com/catalogue/three-wishes-river-of-time-california-1_89/index.html"
"Foundation (Foundation (Publication Order) ...","£32.42","http://books.toscrape.com/catalogue/three-wishes-river-of-time-california-1_89/index.html"
"Do Androids Dream of ...","£51.48","http://books.toscrape.com/catalogue/the-last-girl-the-dominion-trilogy-1_70/index.html"
"Life, the Universe and ...","£33.26","http://books.toscrape.com/catalogue/the-last-girl-the-dominion-trilogy-1_70/index.html"
"The Restaurant at the ...","£10.92","http://books.toscrape.com/catalogue/the-last-girl-the-dominion-trilogy-1_70/index.html"
"The Last Girl (The ...","£36.26","http://books.toscrape.com/catalogue/having-the-barbarians-baby-ice-planet-barbarians-75_23/index.html"
"Do Androids Dream of ...","£51.48","http://books.toscrape.com/catalogue/having-the-barbarians-baby-ice-planet-barbarians-75_23/index.html"
"Dune (Dune #1)","£54.86","http://books.toscrape.com/catalogue/having-the-barbarians-baby-ice-planet-barbarians-75_23/index.html"
"Seven Brief Lessons on ...","£30.60","http://books.toscrape.com/catalogue/you-cant-bury-them-all-poems_961/index.html"
"Surely You're Joking, Mr. ...","£25.83","http://books.toscrape.com/catalogue/you-cant-bury-them-all-poems_961/index.html"
"The Disappearing Spoon: And ...","£57.35","http://books.toscrape.com/catalogue/you-cant-bury-them-all-poems_961/index.html"
"The Elegant Universe: Superstrings, ...","£13.03","http://books.toscrape.com/catalogue/you-cant-bury-them-all-poems_961/index.html"
"Peak: Secrets from the ...","£16.28","http://books.toscrape.com/catalogue/you-cant-bury-them-all-poems_961/index.html"
"You can't bury them ...","£33.63","http://books.toscrape.com/catalogue/poems-that-make-grown-women-cry_824/index.html"
"Out of Print: City ...","£53.64","http://books.toscrape.com/catalogue/howl-and-other-poems_522/index.html"
"salt.","£46.78","http://books.toscrape.com/catalogue/howl-and-other-poems_522/index.html"
"Night Sky with Exit ...","£41.05","http://books.toscrape.com/catalogue/howl-and-other-poems_522/index.html"
"Out of Print: City ...","£53.64","http://books.toscrape.com/catalogue/les-fleurs-du-mal_530/index.html"
"Quarter Life Poetry: Poems ...","£50.89","http://books.toscrape.com/catalogue/les-fleurs-du-mal_530/index.html"
"Night Sky with Exit ...","£41.05","http://books.toscrape.com/catalogue/les-fleurs-du-mal_530/index.html"
"Poems That Make Grown ...","£14.19","http://books.toscrape.com/catalogue/les-fleurs-du-mal_530/index.html"
"Untitled Collection: Sabbath Poems ...","£14.27","http://books.toscrape.com/catalogue/les-fleurs-du-mal_530/index.html"
"Poems That Make Grown ...","£14.19","http://books.toscrape.com/catalogue/night-sky-with-exit-wounds_822/index.html"
"Untitled Collection: Sabbath Poems ...","£14.27","http://books.toscrape.com/catalogue/night-sky-with-exit-wounds_822/index.html"
"Slow States of Collapse: ...","£57.31","http://books.toscrape.com/catalogue/night-sky-with-exit-wounds_822/index.html"
"The Selfish Gene","£29.45","http://books.toscrape.com/catalogue/night-sky-with-exit-wounds_822/index.html"
"Howl and Other Poems","£40.45","http://books.toscrape.com/catalogue/leave-this-song-behind-teen-poetry-at-its-best_474/index.html"
"Les Fleurs du Mal","£29.04","http://books.toscrape.com/catalogue/leave-this-song-behind-teen-poetry-at-its-best_474/index.html"
"salt.","£46.78","http://books.toscrape.com/catalogue/leave-this-song-behind-teen-poetry-at-its-best_474/index.html"
"Night Sky with Exit ...","£41.05","http://books.toscrape.com/catalogue/leave-this-song-behind-teen-poetry-at-its-best_474/index.html"
"The Collected Poems of ...","£15.42","http://books.toscrape.com/catalogue/booked_365/index.html"
"The Art Forger","£40.76","http://books.toscrape.com/catalogue/shobu-samurai-project-aryoku-3_830/index.html"
"The Mindfulness and Acceptance ...","£23.89","http://books.toscrape.com/catalogue/shobu-samurai-project-aryoku-3_830/index.html"
"The Torch Is Passed: ...","£19.09","http://books.toscrape.com/catalogue/shobu-samurai-project-aryoku-3_830/index.html"
"Icing (Aces Hockey #2)","£40.44","http://books.toscrape.com/catalogue/the-torch-is-passed-a-harding-family-story_945/index.html"
"Settling the Score (The ...","£44.91","http://books.toscrape.com/catalogue/the-torch-is-passed-a-harding-family-story_945/index.html"
"Sugar Rush (Offensive Line ...","£24.42","http://books.toscrape.com/catalogue/the-torch-is-passed-a-harding-family-story_945/index.html"
"Friday Night Lights: A ...","£51.22","http://books.toscrape.com/catalogue/the-torch-is-passed-a-harding-family-story_945/index.html"
"The Book of Basketball: ...","£44.84","http://books.toscrape.com/catalogue/the-torch-is-passed-a-harding-family-story_945/index.html"
"Having the Barbarian's Baby ...","£34.96","http://books.toscrape.com/catalogue/the-torch-is-passed-a-harding-family-story_945/index.html"
"The Torch Is Passed: ...","£19.09","http://books.toscrape.com/catalogue/the-mindfulness-and-acceptance-workbook-for-anxiety-a-guide-to-breaking-free-from-anxiety-phobias-and-worry-using-acceptance-and-commitment-therapy_937/index.html"
"Icing (Aces Hockey #2)","£40.44","http://books.toscrape.com/catalogue/the-mindfulness-and-acceptance-workbook-for-anxiety-a-guide-to-breaking-free-from-anxiety-phobias-and-worry-using-acceptance-and-commitment-therapy_937/index.html"
"Settling the Score (The ...","£44.91","http://books.toscrape.com/catalogue/the-mindfulness-and-acceptance-workbook-for-anxiety-a-guide-to-breaking-free-from-anxiety-phobias-and-worry-using-acceptance-and-commitment-therapy_937/index.html"
"Sugar Rush (Offensive Line ...","£24.42","http://books.toscrape.com/catalogue/the-mindfulness-and-acceptance-workbook-for-anxiety-a-guide-to-breaking-free-from-anxiety-phobias-and-worry-using-acceptance-and-commitment-therapy_937/index.html"
"Friday Night Lights: A ...","£51.22","http://books.toscrape.com/catalogue/the-mindfulness-and-acceptance-workbook-for-anxiety-a-guide-to-breaking-free-from-anxiety-phobias-and-worry-using-acceptance-and-commitment-therapy_937/index.html"
"The Book of Basketball: ...","£44.84","http://books.toscrape.com/catalogue/the-mindfulness-and-acceptance-workbook-for-anxiety-a-guide-to-breaking-free-from-anxiety-phobias-and-worry-using-acceptance-and-commitment-therapy_937/index.html"
"Modern Romance","£28.26","http://books.toscrape.com/catalogue/the-white-queen-the-cousins-war-1_768/index.html"
"Shobu Samurai, Project Aryoku ...","£29.06","http://books.toscrape.com/catalogue/the-white-queen-the-cousins-war-1_768/index.html"
"Judo: Seven Steps to ...","£53.90","http://books.toscrape.com/catalogue/the-white-queen-the-cousins-war-1_768/index.html"
"On a Midnight Clear","£14.07","http://books.toscrape.com/catalogue/the-white-queen-the-cousins-war-1_768/index.html"
"The Art Forger","£40.76","http://books.toscrape.com/catalogue/the-white-queen-the-cousins-war-1_768/index.html"
"The Mindfulness and Acceptance ...","£23.89","http://books.toscrape.com/catalogue/the-white-queen-the-cousins-war-1_768/index.html"
"The Song of Achilles","£37.40","http://books.toscrape.com/catalogue/the-immortal-life-of-henrietta-lacks_753/index.html"
"Modern Romance","£28.26","http://books.toscrape.com/catalogue/the-immortal-life-of-henrietta-lacks_753/index.html"
"The White Queen (The ...","£25.91","http://books.toscrape.com/catalogue/the-dovekeepers_748/index.html"
"Modern Romance","£28.26","http://books.toscrape.com/catalogue/the-dovekeepers_748/index.html"
"The Immortal Life of ...","£40.67","http://books.toscrape.com/catalogue/code-name-verity-code-name-verity-1_680/index.html"
"The White Queen (The ...","£25.91","http://books.toscrape.com/catalogue/code-name-verity-code-name-verity-1_680/index.html"
"Modern Romance","£28.26","http://books.toscrape.com/catalogue/code-name-verity-code-name-verity-1_680/index.html"
"The Torch Is Passed: ...","£19.09","http://books.toscrape.com/catalogue/modern-romance_820/index.html"
"The White Queen (The ...","£25.91","http://books.toscrape.com/catalogue/the-song-of-achilles_762/index.html"
"Modern Romance","£28.26","http://books.toscrape.com/catalogue/the-song-of-achilles_762/index.html"
"Shobu Samurai, Project Aryoku ...","£29.06","http://books.toscrape.com/catalogue/the-song-of-achilles_762/index.html"
"Judo: Seven Steps to ...","£53.90","http://books.toscrape.com/catalogue/the-song-of-achilles_762/index.html"
"On a Midnight Clear","£14.07","http://books.toscrape.com/catalogue/the-song-of-achilles_762/index.html"
"The Art Forger","£40.76","http://books.toscrape.com/catalogue/the-song-of-achilles_762/index.html"
"Cell","£20.29","http://books.toscrape.com/catalogue/angels-walking-angels-walking-1_662/index.html"
"More Than Music (Chasing ...","£37.61","http://books.toscrape.com/catalogue/angels-walking-angels-walking-1_662/index.html"
"The Song of Achilles","£37.40","http://books.toscrape.com/catalogue/angels-walking-angels-walking-1_662/index.html"
"The Immortal Life of ...","£40.67","http://books.toscrape.com/catalogue/more-than-music-chasing-the-dream-1_716/index.html"
"The White Queen (The ...","£25.91","http://books.toscrape.com/catalogue/more-than-music-chasing-the-dream-1_716/index.html"
"Modern Romance","£28.26","http://books.toscrape.com/catalogue/more-than-music-chasing-the-dream-1_716/index.html"
"Shobu Samurai, Project Aryoku ...","£29.06","http://books.toscrape.com/catalogue/more-than-music-chasing-the-dream-1_716/index.html"
"The Art Forger","£40.76","http://books.toscrape.com/catalogue/on-a-midnight-clear_912/index.html"
"The Mindfulness and Acceptance ...","£23.89","http://books.toscrape.com/catalogue/on-a-midnight-clear_912/index.html"
"The Torch Is Passed: ...","£19.09","http://books.toscrape.com/catalogue/on-a-midnight-clear_912/index.html"
"Icing (Aces Hockey #2)","£40.44","http://books.toscrape.com/catalogue/on-a-midnight-clear_912/index.html"
"Settling the Score (The ...","£44.91","http://books.toscrape.com/catalogue/on-a-midnight-clear_912/index.html"
"Sugar Rush (Offensive Line ...","£24.42","http://books.toscrape.com/catalogue/on-a-midnight-clear_912/index.html"
"A Series of Catastrophes ...","£56.48","http://books.toscrape.com/catalogue/a-peoples-history-of-the-united-states_654/index.html"
"Cell","£20.29","http://books.toscrape.com/catalogue/a-peoples-history-of-the-united-states_654/index.html"
"Code Name Verity (Code ...","£22.13","http://books.toscrape.com/catalogue/a-peoples-history-of-the-united-states_654/index.html"
"The Dovekeepers","£48.78","http://books.toscrape.com/catalogue/a-peoples-history-of-the-united-states_654/index.html"
"A People's History of ...","£40.79","http://books.toscrape.com/catalogue/rook_647/index.html"
"Cell","£20.29","http://books.toscrape.com/catalogue/rook_647/index.html"
"Rook","£37.86","http://books.toscrape.com/catalogue/unicorn-tracks_951/index.html"
"A Brush of Wings ...","£55.51","http://books.toscrape.com/catalogue/unicorn-tracks_951/index.html"
"A People's History of ...","£40.79","http://books.toscrape.com/catalogue/unicorn-tracks_951/index.html"
"A Series of Catastrophes ...","£56.48","http://books.toscrape.com/catalogue/unicorn-tracks_951/index.html"
"Angels Walking (Angels Walking ...","£34.20","http://books.toscrape.com/catalogue/unicorn-tracks_951/index.html"
"Rook","£37.86","http://books.toscrape.com/catalogue/the-midnight-watch-a-novel-of-the-titanic-and-the-californian_640/index.html"
"A Series of Catastrophes ...","£56.48","http://books.toscrape.com/catalogue/the-midnight-watch-a-novel-of-the-titanic-and-the-californian_640/index.html"
"Angels Walking (Angels Walking ...","£34.20","http://books.toscrape.com/catalogue/the-midnight-watch-a-novel-of-the-titanic-and-the-californian_640/index.html"
"A Series of Catastrophes ...","£56.48","http://books.toscrape.com/catalogue/saga-volume-6-saga-collected-editions-6_924/index.html"
"The Immortal Life of ...","£40.67","http://books.toscrape.com/catalogue/cell_674/index.html"
"Masks and Shadows","£56.40","http://books.toscrape.com/catalogue/crown-of-midnight-throne-of-glass-2_888/index.html"
"Princess Between Worlds (Wide-Awake ...","£13.34","http://books.toscrape.com/catalogue/crown-of-midnight-throne-of-glass-2_888/index.html"
"Unicorn Tracks","£18.78","http://books.toscrape.com/catalogue/crown-of-midnight-throne-of-glass-2_888/index.html"
"Rook","£37.86","http://books.toscrape.com/catalogue/crown-of-midnight-throne-of-glass-2_888/index.html"
"On a Midnight Clear","£14.07","http://books.toscrape.com/catalogue/judo-seven-steps-to-black-belt-an-introductory-guide-for-beginners_903/index.html"
"The Art Forger","£40.76","http://books.toscrape.com/catalogue/judo-seven-steps-to-black-belt-an-introductory-guide-for-beginners_903/index.html"
"The Mindfulness and Acceptance ...","£23.89","http://books.toscrape.com/catalogue/judo-seven-steps-to-black-belt-an-introductory-guide-for-beginners_903/index.html"
"The Torch Is Passed: ...","£19.09","http://books.toscrape.com/catalogue/judo-seven-steps-to-black-belt-an-introductory-guide-for-beginners_903/index.html"
"Icing (Aces Hockey #2)","£40.44","http://books.toscrape.com/catalogue/judo-seven-steps-to-black-belt-an-introductory-guide-for-beginners_903/index.html"
"Settling the Score (The ...","£44.91","http://books.toscrape.com/catalogue/judo-seven-steps-to-black-belt-an-introductory-guide-for-beginners_903/index.html"
"Princess Between Worlds (Wide-Awake ...","£13.34","http://books.toscrape.com/catalogue/masks-and-shadows_909/index.html"
"Saga, Volume 6 (Saga ...","£25.02","http://books.toscrape.com/catalogue/masks-and-shadows_909/index.html"
"The Midnight Watch: A ...","£26.20","http://books.toscrape.com/catalogue/masks-and-shadows_909/index.html"
"A Brush of Wings ...","£55.51","http://books.toscrape.com/catalogue/masks-and-shadows_909/index.html"
"Code Name Verity (Code ...","£22.13","http://books.toscrape.com/catalogue/a-series-of-catastrophes-and-miracles-a-true-story-of-love-science-and-cancer_655/index.html"
"The Dovekeepers","£48.78","http://books.toscrape.com/catalogue/a-series-of-catastrophes-and-miracles-a-true-story-of-love-science-and-cancer_655/index.html"
"A Court of Thorns ...","£52.37","http://books.toscrape.com/catalogue/throne-of-glass-throne-of-glass-1_868/index.html"
"Avatar: The Last Airbender: ...","£28.09","http://books.toscrape.com/catalogue/throne-of-glass-throne-of-glass-1_868/index.html"
"Crown of Midnight (Throne ...","£43.29","http://books.toscrape.com/catalogue/throne-of-glass-throne-of-glass-1_868/index.html"
"Masks and Shadows","£56.40","http://books.toscrape.com/catalogue/throne-of-glass-throne-of-glass-1_868/index.html"
"Princess Between Worlds (Wide-Awake ...","£13.34","http://books.toscrape.com/catalogue/throne-of-glass-throne-of-glass-1_868/index.html"
"Saga, Volume 6 (Saga ...","£25.02","http://books.toscrape.com/catalogue/throne-of-glass-throne-of-glass-1_868/index.html"
"The Gray Rhino: How ...","£59.15","http://books.toscrape.com/catalogue/category/books/add-a-comment_18/page-2.html"
"The Children","£11.88","http://books.toscrape.com/catalogue/category/books/add-a-comment_18/page-2.html"
"One with You (Crossfire ...","£15.71","http://books.toscrape.com/catalogue/category/books/add-a-comment_18/page-2.html"
"Without Shame","£48.27","http://books.toscrape.com/catalogue/category/books/add-a-comment_18/page-2.html"
"Watchmen","£58.05","http://books.toscrape.com/catalogue/category/books/add-a-comment_18/page-2.html"
"A Hero's Curse (The ...","£50.49","http://books.toscrape.com/catalogue/category/books/add-a-comment_18/page-2.html"
"23 Degrees South: A ...","£35.79","http://books.toscrape.com/catalogue/category/books/add-a-comment_18/page-2.html"
"The Glass Castle","£16.24","http://books.toscrape.com/catalogue/category/books/add-a-comment_18/page-2.html"
"The Drowning Girls","£35.67","http://books.toscrape.com/catalogue/category/books/add-a-comment_18/page-2.html"
"Team of Rivals: The ...","£20.12","http://books.toscrape.com/catalogue/category/books/add-a-comment_18/page-2.html"
"John Adams","£57.43","http://books.toscrape.com/catalogue/category/books/add-a-comment_18/page-2.html"
"Good in Bed (Cannie ...","£37.05","http://books.toscrape.com/catalogue/category/books/add-a-comment_18/page-2.html"
"The Joy of Cooking","£43.27","http://books.toscrape.com/catalogue/category/books/add-a-comment_18/page-2.html"
"The Golden Compass (His ...","£18.77","http://books.toscrape.com/catalogue/category/books/add-a-comment_18/page-2.html"
"The God Delusion","£46.85","http://books.toscrape.com/catalogue/category/books/add-a-comment_18/page-2.html"
"Pride and Prejudice","£19.27","http://books.toscrape.com/catalogue/category/books/add-a-comment_18/page-2.html"
"Mere Christianity","£48.51","http://books.toscrape.com/catalogue/category/books/add-a-comment_18/page-2.html"
"Fun Home: A Family ...","£56.59","http://books.toscrape.com/catalogue/category/books/add-a-comment_18/page-2.html"
"The Raven King (The ...","£30.57","http://books.toscrape.com/catalogue/category/books/add-a-comment_18/page-2.html"
"Find Her (Detective D.D. ...","£22.37","http://books.toscrape.com/catalogue/category/books/add-a-comment_18/page-2.html"
"The Glittering Court (The ...","£44.28","http://books.toscrape.com/catalogue/hollow-city-miss-peregrines-peculiar-children-2_813/index.html"
"Throne of Glass (Throne ...","£35.07","http://books.toscrape.com/catalogue/hollow-city-miss-peregrines-peculiar-children-2_813/index.html"
"A Court of Thorns ...","£52.37","http://books.toscrape.com/catalogue/hollow-city-miss-peregrines-peculiar-children-2_813/index.html"
"Avatar: The Last Airbender: ...","£28.09","http://books.toscrape.com/catalogue/hollow-city-miss-peregrines-peculiar-children-2_813/index.html"
"Crown of Midnight (Throne ...","£43.29","http://books.toscrape.com/catalogue/hollow-city-miss-peregrines-peculiar-children-2_813/index.html"
"Masks and Shadows","£56.40","http://books.toscrape.com/catalogue/hollow-city-miss-peregrines-peculiar-children-2_813/index.html"
"Avatar: The Last Airbender: ...","£28.09","http://books.toscrape.com/catalogue/a-court-of-thorns-and-roses-a-court-of-thorns-and-roses-1_874/index.html"
"Crown of Midnight (Throne ...","£43.29","http://books.toscrape.com/catalogue/a-court-of-thorns-and-roses-a-court-of-thorns-and-roses-1_874/index.html"
"Masks and Shadows","£56.40","http://books.toscrape.com/catalogue/a-court-of-thorns-and-roses-a-court-of-thorns-and-roses-1_874/index.html"
"Princess Between Worlds (Wide-Awake ...","£13.34","http://books.toscrape.com/catalogue/a-court-of-thorns-and-roses-a-court-of-thorns-and-roses-1_874/index.html"
"Saga, Volume 6 (Saga ...","£25.02","http://books.toscrape.com/catalogue/a-court-of-thorns-and-roses-a-court-of-thorns-and-roses-1_874/index.html"
"Unicorn Tracks","£18.78","http://books.toscrape.com/catalogue/a-court-of-thorns-and-roses-a-court-of-thorns-and-roses-1_874/index.html"
"The Star-Touched Queen","£46.02","http://books.toscrape.com/catalogue/the-hidden-oracle-the-trials-of-apollo-1_752/index.html"
"The Hidden Oracle (The ...","£52.26","http://books.toscrape.com/catalogue/island-of-dragons-unwanteds-7_705/index.html"
"Hollow City (Miss Peregrine’s ...","£42.98","http://books.toscrape.com/catalogue/island-of-dragons-unwanteds-7_705/index.html"
"Unicorn Tracks","£18.78","http://books.toscrape.com/catalogue/avatar-the-last-airbender-smoke-and-shadow-part-3-smoke-and-shadow-3_881/index.html"
"Demigods & Magicians: Percy ...","£37.51","http://books.toscrape.com/catalogue/city-of-glass-the-mortal-instruments-3_678/index.html"
"Island of Dragons (Unwanteds ...","£29.65","http://books.toscrape.com/catalogue/city-of-glass-the-mortal-instruments-3_678/index.html"
"The Bane Chronicles (The ...","£44.73","http://books.toscrape.com/catalogue/city-of-glass-the-mortal-instruments-3_678/index.html"
"The Hidden Oracle (The ...","£52.26","http://books.toscrape.com/catalogue/city-of-glass-the-mortal-instruments-3_678/index.html"
"The Star-Touched Queen","£46.02","http://books.toscrape.com/catalogue/city-of-glass-the-mortal-instruments-3_678/index.html"
"Hollow City (Miss Peregrine’s ...","£42.98","http://books.toscrape.com/catalogue/city-of-glass-the-mortal-instruments-3_678/index.html"
"The Hidden Oracle (The ...","£52.26","http://books.toscrape.com/catalogue/the-bane-chronicles-the-bane-chronicles-1-11_746/index.html"
"The Star-Touched Queen","£46.02","http://books.toscrape.com/catalogue/the-bane-chronicles-the-bane-chronicles-1-11_746/index.html"
"Hollow City (Miss Peregrine’s ...","£42.98","http://books.toscrape.com/catalogue/the-bane-chronicles-the-bane-chronicles-1-11_746/index.html"
"The Glittering Court (The ...","£44.28","http://books.toscrape.com/catalogue/the-bane-chronicles-the-bane-chronicles-1-11_746/index.html"
"Throne of Glass (Throne ...","£35.07","http://books.toscrape.com/catalogue/the-bane-chronicles-the-bane-chronicles-1-11_746/index.html"
"A Court of Thorns ...","£52.37","http://books.toscrape.com/catalogue/the-bane-chronicles-the-bane-chronicles-1-11_746/index.html"
"The Glittering Court (The ...","£44.28","http://books.toscrape.com/catalogue/the-star-touched-queen_764/index.html"
"Throne of Glass (Throne ...","£35.07","http://books.toscrape.com/catalogue/the-star-touched-queen_764/index.html"
"Crown of Midnight (Throne ...","£43.29","http://books.toscrape.com/catalogue/the-star-touched-queen_764/index.html"
"Demigods & Magicians: Percy ...","£37.51","http://books.toscrape.com/catalogue/searching-for-meaning-in-gailana_648/index.html"
"The Bane Chronicles (The ...","£44.73","http://books.toscrape.com/catalogue/searching-for-meaning-in-gailana_648/index.html"
"The Hidden Oracle (The ...","£52.26","http://books.toscrape.com/catalogue/searching-for-meaning-in-gailana_648/index.html"
"Throne of Glass (Throne ...","£35.07","http://books.toscrape.com/catalogue/the-glittering-court-the-glittering-court-1_845/index.html"
"A Court of Thorns ...","£52.37","http://books.toscrape.com/catalogue/the-glittering-court-the-glittering-court-1_845/index.html"
"Princess Between Worlds (Wide-Awake ...","£13.34","http://books.toscrape.com/catalogue/the-glittering-court-the-glittering-court-1_845/index.html"
"Demigods & Magicians: Percy ...","£37.51","http://books.toscrape.com/catalogue/the-star-touched-queen_642/index.html"
"The Bane Chronicles (The ...","£44.73","http://books.toscrape.com/catalogue/the-star-touched-queen_642/index.html"
"The Hidden Oracle (The ...","£52.26","http://books.toscrape.com/catalogue/the-star-touched-queen_642/index.html"
"Vampire Knight, Vol. 1 ...","£15.40","http://books.toscrape.com/catalogue/feathers-displays-of-brilliant-plumage_695/index.html"
"The Crossover","£38.77","http://books.toscrape.com/catalogue/feathers-displays-of-brilliant-plumage_695/index.html"
"Vampire Knight, Vol. 1 ...","£15.40","http://books.toscrape.com/catalogue/wall-and-piece_971/index.html"
"Twenty Love Poems and ...","£30.95","http://books.toscrape.com/catalogue/wall-and-piece_971/index.html"
"Booked","£17.49","http://books.toscrape.com/catalogue/wall-and-piece_971/index.html"
"The Collected Poems of ...","£15.42","http://books.toscrape.com/catalogue/wall-and-piece_971/index.html"
"Feathers: Displays of Brilliant ...","£49.05","http://books.toscrape.com/catalogue/art-and-fear-observations-on-the-perils-and-rewards-of-artmaking_559/index.html"
"Wall and Piece","£44.18","http://books.toscrape.com/catalogue/art-and-fear-observations-on-the-perils-and-rewards-of-artmaking_559/index.html"
"Vampire Knight, Vol. 1 ...","£15.40","http://books.toscrape.com/catalogue/art-and-fear-observations-on-the-perils-and-rewards-of-artmaking_559/index.html"
"Twenty Love Poems and ...","£30.95","http://books.toscrape.com/catalogue/art-and-fear-observations-on-the-perils-and-rewards-of-artmaking_559/index.html"
"Booked","£17.49","http://books.toscrape.com/catalogue/art-and-fear-observations-on-the-perils-and-rewards-of-artmaking_559/index.html"
"The Crossover","£38.77","http://books.toscrape.com/catalogue/art-and-fear-observations-on-the-perils-and-rewards-of-artmaking_559/index.html"
"The New Drawing on ...","£43.02","http://books.toscrape.com/catalogue/history-of-beauty_521/index.html"
"Art and Fear: Observations ...","£48.63","http://books.toscrape.com/catalogue/history-of-beauty_521/index.html"
"Feathers: Displays of Brilliant ...","£49.05","http://books.toscrape.com/catalogue/history-of-beauty_521/index.html"
"Wall and Piece","£44.18","http://books.toscrape.com/catalogue/history-of-beauty_521/index.html"
"Vampire Knight, Vol. 1 ...","£15.40","http://books.toscrape.com/catalogue/history-of-beauty_521/index.html"
"Twenty Love Poems and ...","£30.95","http://books.toscrape.com/catalogue/history-of-beauty_521/index.html"
"Every Heart a Doorway ...","£12.16","http://books.toscrape.com/catalogue/category/books/fantasy_19/page-2.html"
"The Beast (Black Dagger ...","£46.08","http://books.toscrape.com/catalogue/category/books/fantasy_19/page-2.html"
"Paper and Fire (The ...","£49.45","http://books.toscrape.com/catalogue/category/books/fantasy_19/page-2.html"
"Harry Potter and the ...","£31.63","http://books.toscrape.com/catalogue/category/books/fantasy_19/page-2.html"
"Harry Potter and the ...","£48.75","http://books.toscrape.com/catalogue/category/books/fantasy_19/page-2.html"
"Harry Potter and the ...","£14.74","http://books.toscrape.com/catalogue/category/books/fantasy_19/page-2.html"
"The Rose & the ...","£58.64","http://books.toscrape.com/catalogue/category/books/fantasy_19/page-2.html"
"Eragon (The Inheritance Cycle ...","£43.87","http://books.toscrape.com/catalogue/category/books/fantasy_19/page-2.html"
"Darkfever (Fever #1)","£56.02","http://books.toscrape.com/catalogue/category/books/fantasy_19/page-2.html"
"A Storm of Swords ...","£31.22","http://books.toscrape.com/catalogue/category/books/fantasy_19/page-2.html"
"Art and Fear: Observations ...","£48.63","http://books.toscrape.com/catalogue/the-new-drawing-on-the-right-side-of-the-brain_550/index.html"
"Feathers: Displays of Brilliant ...","£49.05","http://books.toscrape.com/catalogue/the-new-drawing-on-the-right-side-of-the-brain_550/index.html"
"Wall and Piece","£44.18","http://books.toscrape.com/catalogue/the-new-drawing-on-the-right-side-of-the-brain_550/index.html"
"Vampire Knight, Vol. 1 ...","£15.40","http://books.toscrape.com/catalogue/the-new-drawing-on-the-right-side-of-the-brain_550/index.html"
"Twenty Love Poems and ...","£30.95","http://books.toscrape.com/catalogue/the-new-drawing-on-the-right-side-of-the-brain_550/index.html"
"Booked","£17.49","http://books.toscrape.com/catalogue/the-new-drawing-on-the-right-side-of-the-brain_550/index.html"
"The Art Book","£32.34","http://books.toscrape.com/catalogue/ways-of-seeing_94/index.html"
"History of Beauty","£10.29","http://books.toscrape.com/catalogue/ways-of-seeing_94/index.html"
"The New Drawing on ...","£43.02","http://books.toscrape.com/catalogue/ways-of-seeing_94/index.html"
"Art and Fear: Observations ...","£48.63","http://books.toscrape.com/catalogue/ways-of-seeing_94/index.html"
"History of Beauty","£10.29","http://books.toscrape.com/catalogue/the-story-of-art_500/index.html"
"The New Drawing on ...","£43.02","http://books.toscrape.com/catalogue/the-story-of-art_500/index.html"
"Art and Fear: Observations ...","£48.63","http://books.toscrape.com/catalogue/the-story-of-art_500/index.html"
"Feathers: Displays of Brilliant ...","£49.05","http://books.toscrape.com/catalogue/the-story-of-art_500/index.html"
"Wall and Piece","£44.18","http://books.toscrape.com/catalogue/the-story-of-art_500/index.html"
"Vampire Knight, Vol. 1 ...","£15.40","http://books.toscrape.com/catalogue/the-story-of-art_500/index.html"
"A People's History of ...","£40.79","http://books.toscrape.com/catalogue/a-brush-of-wings-angels-walking-3_651/index.html"
"Angels Walking (Angels Walking ...","£34.20","http://books.toscrape.com/catalogue/a-brush-of-wings-angels-walking-3_651/index.html"
"Code Name Verity (Code ...","£22.13","http://books.toscrape.com/catalogue/a-brush-of-wings-angels-walking-3_651/index.html"
"More Than Music (Chasing ...","£37.61","http://books.toscrape.com/catalogue/a-brush-of-wings-angels-walking-3_651/index.html"
"The Story of Art","£41.14","http://books.toscrape.com/catalogue/the-art-book_490/index.html"
"History of Beauty","£10.29","http://books.toscrape.com/catalogue/the-art-book_490/index.html"
"The New Drawing on ...","£43.02","http://books.toscrape.com/catalogue/the-art-book_490/index.html"
"Art and Fear: Observations ...","£48.63","http://books.toscrape.com/catalogue/the-art-book_490/index.html"
"Feathers: Displays of Brilliant ...","£49.05","http://books.toscrape.com/catalogue/the-art-book_490/index.html"
"Wall and Piece","£44.18","http://books.toscrape.com/catalogue/the-art-book_490/index.html"
"Lab Girl","£40.85","http://books.toscrape.com/catalogue/approval-junkie-adventures-in-caring-too-much_363/index.html"
"M Train","£27.18","http://books.toscrape.com/catalogue/approval-junkie-adventures-in-caring-too-much_363/index.html"
"The Argonauts","£10.93","http://books.toscrape.com/catalogue/approval-junkie-adventures-in-caring-too-much_363/index.html"
"8 Keys to Mental ...","£31.04","http://books.toscrape.com/catalogue/approval-junkie-adventures-in-caring-too-much_363/index.html"
"The Star-Touched Queen","£32.30","http://books.toscrape.com/catalogue/kings-folly-the-kinsman-chronicles-1_473/index.html"
"City of Glass (The ...","£56.02","http://books.toscrape.com/catalogue/kings-folly-the-kinsman-chronicles-1_473/index.html"
"Island of Dragons (Unwanteds ...","£29.65","http://books.toscrape.com/catalogue/kings-folly-the-kinsman-chronicles-1_473/index.html"
"The Star-Touched Queen","£32.30","http://books.toscrape.com/catalogue/a-shard-of-ice-the-black-symphony-saga-1_558/index.html"
"City of Glass (The ...","£56.02","http://books.toscrape.com/catalogue/a-shard-of-ice-the-black-symphony-saga-1_558/index.html"
"Demigods & Magicians: Percy ...","£37.51","http://books.toscrape.com/catalogue/a-shard-of-ice-the-black-symphony-saga-1_558/index.html"
"Island of Dragons (Unwanteds ...","£29.65","http://books.toscrape.com/catalogue/a-shard-of-ice-the-black-symphony-saga-1_558/index.html"
"The Argonauts","£10.93","http://books.toscrape.com/catalogue/m-train_598/index.html"
"8 Keys to Mental ...","£31.04","http://books.toscrape.com/catalogue/m-train_598/index.html"
"Civilization and Its Discontents","£59.95","http://books.toscrape.com/catalogue/m-train_598/index.html"
"Thinking, Fast and Slow","£21.14","http://books.toscrape.com/catalogue/m-train_598/index.html"
"An Unquiet Mind: A ...","£21.30","http://books.toscrape.com/catalogue/m-train_598/index.html"
"It Didn't Start with ...","£56.27","http://books.toscrape.com/catalogue/m-train_598/index.html"
"8 Keys to Mental ...","£31.04","http://books.toscrape.com/catalogue/the-argonauts_837/index.html"
"Thinking, Fast and Slow","£21.14","http://books.toscrape.com/catalogue/the-argonauts_837/index.html"
"The Argonauts","£10.93","http://books.toscrape.com/catalogue/lab-girl_595/index.html"
"8 Keys to Mental ...","£31.04","http://books.toscrape.com/catalogue/lab-girl_595/index.html"
"Civilization and Its Discontents","£59.95","http://books.toscrape.com/catalogue/lab-girl_595/index.html"
"Me Talk Pretty One ...","£57.60","http://books.toscrape.com/catalogue/lust-wonder_191/index.html"
"Running with Scissors","£12.91","http://books.toscrape.com/catalogue/lust-wonder_191/index.html"
"Approval Junkie: Adventures in ...","£58.81","http://books.toscrape.com/catalogue/lust-wonder_191/index.html"
"Lab Girl","£40.85","http://books.toscrape.com/catalogue/lust-wonder_191/index.html"
"The Argonauts","£10.93","http://books.toscrape.com/catalogue/running-with-scissors_215/index.html"
"Civilization and Its Discontents","£59.95","http://books.toscrape.com/catalogue/running-with-scissors_215/index.html"
"Running with Scissors","£12.91","http://books.toscrape.com/catalogue/me-talk-pretty-one-day_193/index.html"
"Approval Junkie: Adventures in ...","£58.81","http://books.toscrape.com/catalogue/me-talk-pretty-one-day_193/index.html"
"M Train","£27.18","http://books.toscrape.com/catalogue/me-talk-pretty-one-day_193/index.html"
"The Argonauts","£10.93","http://books.toscrape.com/catalogue/me-talk-pretty-one-day_193/index.html"
"It Didn't Start with ...","£56.27","http://books.toscrape.com/catalogue/an-unquiet-mind-a-memoir-of-moods-and-madness_422/index.html"
"The Golden Condom: And ...","£39.43","http://books.toscrape.com/catalogue/an-unquiet-mind-a-memoir-of-moods-and-madness_422/index.html"
"The Lucifer Effect: Understanding ...","£10.40","http://books.toscrape.com/catalogue/an-unquiet-mind-a-memoir-of-moods-and-madness_422/index.html"
"Ways of Seeing","£39.51","http://books.toscrape.com/catalogue/an-unquiet-mind-a-memoir-of-moods-and-madness_422/index.html"
"The Art Book","£32.34","http://books.toscrape.com/catalogue/an-unquiet-mind-a-memoir-of-moods-and-madness_422/index.html"
"The Story of Art","£41.14","http://books.toscrape.com/catalogue/an-unquiet-mind-a-memoir-of-moods-and-madness_422/index.html"
"Life Without a Recipe","£59.04","http://books.toscrape.com/catalogue/a-heartbreaking-work-of-staggering-genius_115/index.html"
"Lust & Wonder","£11.87","http://books.toscrape.com/catalogue/a-heartbreaking-work-of-staggering-genius_115/index.html"
"Me Talk Pretty One ...","£57.60","http://books.toscrape.com/catalogue/a-heartbreaking-work-of-staggering-genius_115/index.html"
"Running with Scissors","£12.91","http://books.toscrape.com/catalogue/a-heartbreaking-work-of-staggering-genius_115/index.html"
"Approval Junkie: Adventures in ...","£58.81","http://books.toscrape.com/catalogue/a-heartbreaking-work-of-staggering-genius_115/index.html"
"Lab Girl","£40.85","http://books.toscrape.com/catalogue/a-heartbreaking-work-of-staggering-genius_115/index.html"
"Lust & Wonder","£11.87","http://books.toscrape.com/catalogue/life-without-a-recipe_188/index.html"
"Me Talk Pretty One ...","£57.60","http://books.toscrape.com/catalogue/life-without-a-recipe_188/index.html"
"Running with Scissors","£12.91","http://books.toscrape.com/catalogue/life-without-a-recipe_188/index.html"
"Approval Junkie: Adventures in ...","£58.81","http://books.toscrape.com/catalogue/life-without-a-recipe_188/index.html"
"Lab Girl","£40.85","http://books.toscrape.com/catalogue/life-without-a-recipe_188/index.html"
"M Train","£27.18","http://books.toscrape.com/catalogue/life-without-a-recipe_188/index.html"
"The Lucifer Effect: Understanding ...","£10.40","http://books.toscrape.com/catalogue/the-golden-condom-and-other-essays-on-love-lost-and-found_637/index.html"
"Ways of Seeing","£39.51","http://books.toscrape.com/catalogue/the-golden-condom-and-other-essays-on-love-lost-and-found_637/index.html"
"The Art Book","£32.34","http://books.toscrape.com/catalogue/the-golden-condom-and-other-essays-on-love-lost-and-found_637/index.html"
"The Story of Art","£41.14","http://books.toscrape.com/catalogue/the-golden-condom-and-other-essays-on-love-lost-and-found_637/index.html"
"History of Beauty","£10.29","http://books.toscrape.com/catalogue/the-golden-condom-and-other-essays-on-love-lost-and-found_637/index.html"
"The New Drawing on ...","£43.02","http://books.toscrape.com/catalogue/the-golden-condom-and-other-essays-on-love-lost-and-found_637/index.html"
"Ways of Seeing","£39.51","http://books.toscrape.com/catalogue/the-lucifer-effect-understanding-how-good-people-turn-evil_758/index.html"
"The Art Book","£32.34","http://books.toscrape.com/catalogue/the-lucifer-effect-understanding-how-good-people-turn-evil_758/index.html"
"The Story of Art","£41.14","http://books.toscrape.com/catalogue/the-lucifer-effect-understanding-how-good-people-turn-evil_758/index.html"
"History of Beauty","£10.29","http://books.toscrape.com/catalogue/the-lucifer-effect-understanding-how-good-people-turn-evil_758/index.html"
"The New Drawing on ...","£43.02","http://books.toscrape.com/catalogue/the-lucifer-effect-understanding-how-good-people-turn-evil_758/index.html"
"Art and Fear: Observations ...","£48.63","http://books.toscrape.com/catalogue/the-lucifer-effect-understanding-how-good-people-turn-evil_758/index.html"
"The Golden Condom: And ...","£39.43","http://books.toscrape.com/catalogue/it-didnt-start-with-you-how-inherited-family-trauma-shapes-who-we-are-and-how-to-end-the-cycle_593/index.html"
"The Lucifer Effect: Understanding ...","£10.40","http://books.toscrape.com/catalogue/it-didnt-start-with-you-how-inherited-family-trauma-shapes-who-we-are-and-how-to-end-the-cycle_593/index.html"
"Ways of Seeing","£39.51","http://books.toscrape.com/catalogue/it-didnt-start-with-you-how-inherited-family-trauma-shapes-who-we-are-and-how-to-end-the-cycle_593/index.html"
"The Art Book","£32.34","http://books.toscrape.com/catalogue/it-didnt-start-with-you-how-inherited-family-trauma-shapes-who-we-are-and-how-to-end-the-cycle_593/index.html"
"The Story of Art","£41.14","http://books.toscrape.com/catalogue/it-didnt-start-with-you-how-inherited-family-trauma-shapes-who-we-are-and-how-to-end-the-cycle_593/index.html"
"History of Beauty","£10.29","http://books.toscrape.com/catalogue/it-didnt-start-with-you-how-inherited-family-trauma-shapes-who-we-are-and-how-to-end-the-cycle_593/index.html"
"Civilization and Its Discontents","£59.95","http://books.toscrape.com/catalogue/8-keys-to-mental-health-through-exercise_114/index.html"
"Thinking, Fast and Slow","£21.14","http://books.toscrape.com/catalogue/8-keys-to-mental-health-through-exercise_114/index.html"
"An Unquiet Mind: A ...","£21.30","http://books.toscrape.com/catalogue/8-keys-to-mental-health-through-exercise_114/index.html"
"It Didn't Start with ...","£56.27","http://books.toscrape.com/catalogue/8-keys-to-mental-health-through-exercise_114/index.html"
"The Golden Condom: And ...","£39.43","http://books.toscrape.com/catalogue/8-keys-to-mental-health-through-exercise_114/index.html"
"The Lucifer Effect: Understanding ...","£10.40","http://books.toscrape.com/catalogue/8-keys-to-mental-health-through-exercise_114/index.html"
"An Unquiet Mind: A ...","£21.30","http://books.toscrape.com/catalogue/thinking-fast-and-slow_289/index.html"
"It Didn't Start with ...","£56.27","http://books.toscrape.com/catalogue/thinking-fast-and-slow_289/index.html"
"The Golden Condom: And ...","£39.43","http://books.toscrape.com/catalogue/thinking-fast-and-slow_289/index.html"
"The Lucifer Effect: Understanding ...","£10.40","http://books.toscrape.com/catalogue/thinking-fast-and-slow_289/index.html"
"Ways of Seeing","£39.51","http://books.toscrape.com/catalogue/thinking-fast-and-slow_289/index.html"
"The Art Book","£32.34","http://books.toscrape.com/catalogue/thinking-fast-and-slow_289/index.html"
"Fifty Shades Freed (Fifty ...","£15.36","http://books.toscrape.com/catalogue/the-long-haul-diary-of-a-wimpy-kid-9_757/index.html"
"A Heartbreaking Work of ...","£54.29","http://books.toscrape.com/catalogue/the-long-haul-diary-of-a-wimpy-kid-9_757/index.html"
"Life Without a Recipe","£59.04","http://books.toscrape.com/catalogue/the-long-haul-diary-of-a-wimpy-kid-9_757/index.html"
"Me Talk Pretty One ...","£57.60","http://books.toscrape.com/catalogue/the-long-haul-diary-of-a-wimpy-kid-9_757/index.html"
"Ways of Seeing","£39.51","http://books.toscrape.com/catalogue/civilization-and-its-discontents_140/index.html"
"Hyperbole and a Half: ...","£14.75","http://books.toscrape.com/catalogue/dress-your-family-in-corduroy-and-denim_562/index.html"
"Old School (Diary of ...","£11.83","http://books.toscrape.com/catalogue/dress-your-family-in-corduroy-and-denim_562/index.html"
"Catastrophic Happiness: Finding Joy ...","£37.35","http://books.toscrape.com/catalogue/dress-your-family-in-corduroy-and-denim_562/index.html"
"Life Without a Recipe","£59.04","http://books.toscrape.com/catalogue/catastrophic-happiness-finding-joy-in-childhoods-messy-years_138/index.html"
"Running with Scissors","£12.91","http://books.toscrape.com/catalogue/catastrophic-happiness-finding-joy-in-childhoods-messy-years_138/index.html"
"Approval Junkie: Adventures in ...","£58.81","http://books.toscrape.com/catalogue/catastrophic-happiness-finding-joy-in-childhoods-messy-years_138/index.html"
"The Long Haul (Diary ...","£44.07","http://books.toscrape.com/catalogue/old-school-diary-of-a-wimpy-kid-10_723/index.html"
"Fifty Shades Freed (Fifty ...","£15.36","http://books.toscrape.com/catalogue/old-school-diary-of-a-wimpy-kid-10_723/index.html"
"Catastrophic Happiness: Finding Joy ...","£37.35","http://books.toscrape.com/catalogue/old-school-diary-of-a-wimpy-kid-10_723/index.html"
"I Know What I'm ...","£25.98","http://books.toscrape.com/catalogue/hyperbole-and-a-half-unfortunate-situations-flawed-coping-mechanisms-mayhem-and-other-things-that-happened_702/index.html"
"Dress Your Family in ...","£43.68","http://books.toscrape.com/catalogue/when-you-are-engulfed-in-flames_303/index.html"
"Old School (Diary of ...","£11.83","http://books.toscrape.com/catalogue/when-you-are-engulfed-in-flames_303/index.html"
"The Long Haul (Diary ...","£44.07","http://books.toscrape.com/catalogue/when-you-are-engulfed-in-flames_303/index.html"
"Catastrophic Happiness: Finding Joy ...","£37.35","http://books.toscrape.com/catalogue/fifty-shades-freed-fifty-shades-3_156/index.html"
"A Heartbreaking Work of ...","£54.29","http://books.toscrape.com/catalogue/fifty-shades-freed-fifty-shades-3_156/index.html"
"Life Without a Recipe","£59.04","http://books.toscrape.com/catalogue/fifty-shades-freed-fifty-shades-3_156/index.html"
"Lust & Wonder","£11.87","http://books.toscrape.com/catalogue/fifty-shades-freed-fifty-shades-3_156/index.html"
"Me Talk Pretty One ...","£57.60","http://books.toscrape.com/catalogue/fifty-shades-freed-fifty-shades-3_156/index.html"
"Running with Scissors","£12.91","http://books.toscrape.com/catalogue/fifty-shades-freed-fifty-shades-3_156/index.html"
"When You Are Engulfed ...","£30.89","http://books.toscrape.com/catalogue/naked_197/index.html"
"Toddlers Are A**holes: It's ...","£25.55","http://books.toscrape.com/catalogue/naked_197/index.html"
"Dress Your Family in ...","£43.68","http://books.toscrape.com/catalogue/naked_197/index.html"
"Hyperbole and a Half: ...","£14.75","http://books.toscrape.com/catalogue/naked_197/index.html"
"I Know What I'm ...","£25.98","http://books.toscrape.com/catalogue/naked_197/index.html"
"Old School (Diary of ...","£11.83","http://books.toscrape.com/catalogue/naked_197/index.html"
"Naked","£31.69","http://books.toscrape.com/catalogue/lamb-the-gospel-according-to-biff-christs-childhood-pal_182/index.html"
"When You Are Engulfed ...","£30.89","http://books.toscrape.com/catalogue/lamb-the-gospel-according-to-biff-christs-childhood-pal_182/index.html"
"Toddlers Are A**holes: It's ...","£25.55","http://books.toscrape.com/catalogue/lamb-the-gospel-according-to-biff-christs-childhood-pal_182/index.html"
"Dress Your Family in ...","£43.68","http://books.toscrape.com/catalogue/lamb-the-gospel-according-to-biff-christs-childhood-pal_182/index.html"
"Hyperbole and a Half: ...","£14.75","http://books.toscrape.com/catalogue/lamb-the-gospel-according-to-biff-christs-childhood-pal_182/index.html"
"I Know What I'm ...","£25.98","http://books.toscrape.com/catalogue/lamb-the-gospel-according-to-biff-christs-childhood-pal_182/index.html"
"Old School (Diary of ...","£11.83","http://books.toscrape.com/catalogue/i-know-what-im-doing-and-other-lies-i-tell-myself-dispatches-from-a-life-under-construction_704/index.html"
"The Long Haul (Diary ...","£44.07","http://books.toscrape.com/catalogue/i-know-what-im-doing-and-other-lies-i-tell-myself-dispatches-from-a-life-under-construction_704/index.html"
"Fifty Shades Freed (Fifty ...","£15.36","http://books.toscrape.com/catalogue/i-know-what-im-doing-and-other-lies-i-tell-myself-dispatches-from-a-life-under-construction_704/index.html"
"Catastrophic Happiness: Finding Joy ...","£37.35","http://books.toscrape.com/catalogue/i-know-what-im-doing-and-other-lies-i-tell-myself-dispatches-from-a-life-under-construction_704/index.html"
"Sorting the Beef from ...","£44.74","http://books.toscrape.com/catalogue/the-fabric-of-the-cosmos-space-time-and-the-texture-of-reality_572/index.html"
"The Most Perfect Thing: ...","£42.96","http://books.toscrape.com/catalogue/the-fabric-of-the-cosmos-space-time-and-the-texture-of-reality_572/index.html"
"The Epidemic (The Program ...","£14.44","http://books.toscrape.com/catalogue/the-fabric-of-the-cosmos-space-time-and-the-texture-of-reality_572/index.html"
"Lamb: The Gospel According ...","£55.50","http://books.toscrape.com/catalogue/holidays-on-ice_167/index.html"
"When You Are Engulfed ...","£30.89","http://books.toscrape.com/catalogue/holidays-on-ice_167/index.html"
"Toddlers Are A**holes: It's ...","£25.55","http://books.toscrape.com/catalogue/holidays-on-ice_167/index.html"
"Hyperbole and a Half: ...","£14.75","http://books.toscrape.com/catalogue/holidays-on-ice_167/index.html"
"The Most Perfect Thing: ...","£42.96","http://books.toscrape.co://books.toscrape.com/catalogue/off-sides-off-1_38/index.html"
"The Matchmaker's Playbook (Wingmen ...","£55.85","http://books.toscrape.com/catalogue/off-sides-off-1_38/index.html"
"The Mistake (Off-Campus #2)","£43.29","http://books.toscrape.com/catalogue/off-sides-off-1_38/index.html"
"King's Folly (The Kinsman ...","£39.61","http://books.toscrape.com/catalogue/off-sides-off-1_38/index.html"
"God: The Most Unpleasant ...","£30.03","http://books.toscrape.com/catalogue/worlds-elsewhere-journeys-around-shakespeares-globe_972/index.html"
"The Girl on the ...","£55.02","http://books.toscrape.com/catalogue/the-emerald-mystery_842/index.html"
"The Kite Runner","£41.82","http://books.toscrape.com/catalogue/the-emerald-mystery_842/index.html"
"The Psychopath Test: A ...","£36.00","http://books.toscrape.com/catalogue/the-emerald-mystery_842/index.html"
"The Secret (The Secret ...","£27.37","http://books.toscrape.com/catalogue/the-emerald-mystery_842/index.html"
"Tracing Numbers on a ...","£41.60","http://books.toscrape.com/catalogue/the-emerald-mystery_842/index.html"
"The Five Love Languages: ...","£31.05","http://books.toscrape.com/catalogue/reasons-to-stay-alive_959/index.html"
"Choosing Our Religion: The ...","£28.42","http://books.toscrape.com/catalogue/reasons-to-stay-alive_959/index.html"
"A History of God: ...","£27.62","http://books.toscrape.com/catalogue/reasons-to-stay-alive_959/index.html"
"Worlds Elsewhere: Journeys Around ...","£40.30","http://books.toscrape.com/catalogue/unseen-city-the-majesty-of-pigeons-the-discreet-charm-of-snails-other-wonders-of-the-urban-wilderness_952/index.html"
"Reasons to Stay Alive","£26.41","http://books.toscrape.com/catalogue/throwing-rocks-at-the-google-bus-how-growth-became-the-enemy-of-prosperity_948/index.html"
"Choosing Our Religion: The ...","£28.42","http://books.toscrape.com/catalogue/throwing-rocks-at-the-google-bus-how-growth-became-the-enemy-of-prosperity_948/index.html"
"Throwing Rocks at the ...","£31.12","http://books.toscrape.com/catalogue/the-gutsy-girl-escapades-for-your-life-of-epic-adventure_934/index.html"
"Unseen City: The Majesty ...","£44.18","http://books.toscrape.com/catalogue/the-gutsy-girl-escapades-for-your-life-of-epic-adventure_934/index.html"
"#HigherSelfie: Wake Up Your ...","£23.11","http://books.toscrape.com/catalogue/the-gutsy-girl-escapades-for-your-life-of-epic-adventure_934/index.html"
"Reasons to Stay Alive","£26.41","http://books.toscrape.com/catalogue/the-gutsy-girl-escapades-for-your-life-of-epic-adventure_934/index.html"
"The Electric Pencil: Drawings ...","£56.06","http://books.toscrape.com/catalogue/spark-joy-an-illustrated-master-class-on-the-art-of-organizing-and-tidying-up_927/index.html"
"The Gutsy Girl: Escapades ...","£37.13","http://books.toscrape.com/catalogue/spark-joy-an-illustrated-master-class-on-the-art-of-organizing-and-tidying-up_927/index.html"
"The Life-Changing Magic of ...","£16.77","http://books.toscrape.com/catalogue/spark-joy-an-illustrated-master-class-on-the-art-of-organizing-and-tidying-up_927/index.html"
"Throwing Rocks at the ...","£31.12","http://books.toscrape.com/catalogue/spark-joy-an-illustrated-master-class-on-the-art-of-organizing-and-tidying-up_927/index.html"
"Unseen City: The Majesty ...","£44.18","http://books.toscrape.com/catalogue/spark-joy-an-illustrated-master-class-on-the-art-of-organizing-and-tidying-up_927/index.html"
"#HigherSelfie: Wake Up Your ...","£23.11","http://books.toscrape.com/catalogue/spark-joy-an-illustrated-master-class-on-the-art-of-organizing-and-tidying-up_927/index.html"
"The Gutsy Girl: Escapades ...","£37.13","http://books.toscrape.com/catalogue/the-electric-pencil-drawings-from-inside-state-hospital-no-3_933/index.html"
"Throwing Rocks at the ...","£31.12","http://books.toscrape.com/catalogue/the-electric-pencil-drawings-from-inside-state-hospital-no-3_933/index.html"
"Unseen City: The Majesty ...","£44.18","http://books.toscrape.com/catalogue/the-electric-pencil-drawings-from-inside-state-hospital-no-3_933/index.html"
"#HigherSelfie: Wake Up Your ...","£23.11","http://books.toscrape.com/catalogue/the-electric-pencil-drawings-from-inside-state-hospital-no-3_933/index.html"
"Spark Joy: An Illustrated ...","£41.83","http://books.toscrape.com/catalogue/reskilling-america-learning-to-labor-in-the-twenty-first-century_922/index.html"
"The Electric Pencil: Drawings ...","£56.06","http://books.toscrape.com/catalogue/reskilling-america-learning-to-labor-in-the-twenty-first-century_922/index.html"
"The Gutsy Girl: Escapades ...","£37.13","http://books.toscrape.com/catalogue/reskilling-america-learning-to-labor-in-the-twenty-first-century_922/index.html"
"The Life-Changing Magic of ...","£16.77","http://books.toscrape.com/catalogue/reskilling-america-learning-to-labor-in-the-twenty-first-century_922/index.html"
"Throwing Rocks at the ...","£31.12","http://books.toscrape.com/catalogue/reskilling-america-learning-to-labor-in-the-twenty-first-century_922/index.html"
"Unseen City: The Majesty ...","£44.18","http://books.toscrape.com/catalogue/reskilling-america-learning-to-labor-in-the-twenty-first-century_922/index.html"
"Reskilling America: Learning to ...","£19.83","http://books.toscrape.com/catalogue/in-the-country-we-love-my-family-divided_901/index.html"
"Spark Joy: An Illustrated ...","£41.83","http://books.toscrape.com/catalogue/in-the-country-we-love-my-family-divided_901/index.html"
"The Electric Pencil: Drawings ...","£56.06","http://books.toscrape.com/catalogue/in-the-country-we-love-my-family-divided_901/index.html"
"The Gutsy Girl: Escapades ...","£37.13","http://books.toscrape.com/catalogue/in-the-country-we-love-my-family-divided_901/index.html"
"The Life-Changing Magic of ...","£16.77","http://books.toscrape.com/catalogue/in-the-country-we-love-my-family-divided_901/index.html"
"Throwing Rocks at the ...","£31.12","http://books.toscrape.com/catalogue/in-the-country-we-love-my-family-divided_901/index.html"
"Call the Nurse: True ...","£29.14","http://books.toscrape.com/catalogue/algorithms-to-live-by-the-computer-science-of-human-decisions_880/index.html"
"Everydata: The Misinformation Hidden ...","£54.35","http://books.toscrape.com/catalogue/algorithms-to-live-by-the-computer-science-of-human-decisions_880/index.html"
"In the Country We ...","£22.00","http://books.toscrape.com/catalogue/algorithms-to-live-by-the-computer-science-of-human-decisions_880/index.html"
"The Electric Pencil: Drawings ...","£56.06","http://books.toscrape.com/catalogue/algorithms-to-live-by-the-computer-science-of-human-decisions_880/index.html"
"Reskilling America: Learning to ...","£19.83","http://books.toscrape.com/catalogue/everydata-the-misinformation-hidden-in-the-little-data-you-consume-every-day_891/index.html"
"Spark Joy: An Illustrated ...","£41.83","http://books.toscrape.com/catalogue/everydata-the-misinformation-hidden-in-the-little-data-you-consume-every-day_891/index.html"
"The Electric Pencil: Drawings ...","£56.06","http://books.toscrape.com/catalogue/everydata-the-misinformation-hidden-in-the-little-data-you-consume-every-day_891/index.html"
"The Life-Changing Magic of ...","£16.77","http://books.toscrape.com/catalogue/everydata-the-misinformation-hidden-in-the-little-data-you-consume-every-day_891/index.html"
"Spark Joy: An Illustrated ...","£41.83","http://books.toscrape.com/catalogue/call-the-nurse-true-stories-of-a-country-nurse-on-a-scottish-isle_885/index.html"
"The Electric Pencil: Drawings ...","£56.06","http://books.toscrape.com/catalogue/call-the-nurse-true-stories-of-a-country-nurse-on-a-scottish-isle_885/index.html"
"Algorithms to Live By: ...","£30.81","http://books.toscrape.com/catalogue/the-power-of-now-a-guide-to-spiritual-enlightenment_855/index.html"
"The Genius of Birds","£17.24","http://books.toscrape.com/catalogue/so-youve-been-publicly-shamed_832/index.html"
"The Omnivore's Dilemma: A ...","£38.21","http://books.toscrape.com/catalogue/so-youve-been-publicly-shamed_832/index.html"
"The Power of Now: ...","£43.54","http://books.toscrape.com/catalogue/so-youve-been-publicly-shamed_832/index.html"
"Algorithms to Live By: ...","£30.81","http://books.toscrape.com/catalogue/so-youve-been-publicly-shamed_832/index.html"
"Call the Nurse: True ...","£29.14","http://books.toscrape.com/catalogue/so-youve-been-publicly-shamed_832/index.html"
"The Power of Now: ...","£43.54","http://books.toscrape.com/catalogue/the-omnivores-dilemma-a-natural-history-of-four-meals_854/index.html"
"Everydata: The Misinformation Hidden ...","£54.35","http://books.toscrape.com/catalogue/the-omnivores-dilemma-a-natural-history-of-four-meals_854/index.html"
"The Omnivore's Dilemma: A ...","£38.21","http://books.toscrape.com/catalogue/the-artists-way-a-spiritual-path-to-higher-creativity_839/index.html"
"Call the Nurse: True ...","£29.14","http://books.toscrape.com/catalogue/the-artists-way-a-spiritual-path-to-higher-creativity_839/index.html"
"The Omnivore's Dilemma: A ...","£38.21","http://books.toscrape.com/catalogue/the-genius-of-birds_843/index.html"
"Algorithms to Live By: ...","£30.81","http://books.toscrape.com/catalogue/the-genius-of-birds_843/index.html"
"In the Country We ...","£22.00","http://books.toscrape.com/catalogue/the-genius-of-birds_843/index.html"
"Obsidian (Lux #1)","£14.86","http://books.toscrape.com/catalogue/burning_884/index.html"
"Burning","£28.81","http://books.toscrape.com/catalogue/a-fierce-and-subtle-poison_875/index.html"
"Shameless","£58.35","http://books.toscrape.com/catalogue/burning_884/index.html"
"The Natural History of ...","£45.22","http://books.toscrape.com/catalogue/a-fierce-and-subtle-poison_875/index.html"
"Off Sides (Off #1)","£39.45","http://books.toscrape.com/catalogue/a-fierce-and-subtle-poison_875/index.html"
"The Matchmaker's Playbook (Wingmen ...","£55.85","http://books.toscrape.com/catalogue/burning_884/index.html"
"The Hook Up (Game ...","£36.29","http://books.toscrape.com/catalogue/the-natural-history-of-us-the-fine-art-of-pretending-2_941/index.html"
"The Matchmaker's Playbook (Wingmen ...","£55.85","http://books.toscrape.com/catalogue/the-natural-history-of-us-the-fine-art-of-pretending-2_941/index.html"
"The Mistake (Off-Campus #2)","£43.29","http://books.toscrape.com/catalogue/the-natural-history-of-us-the-fine-art-of-pretending-2_941/index.html"
"Off Sides (Off #1)","£39.45","http://books.toscrape.com/catalogue/obsidian-lux-1_911/index.html"
"Shameless","£58.35","http://books.toscrape.com/catalogue/obsidian-lux-1_911/index.html"
"The Hook Up (Game ...","£36.29","http://books.toscrape.com/catalogue/obsidian-lux-1_911/index.html"
"The Matchmaker's Playbook (Wingmen ...","£55.85","http://books.toscrape.com/catalogue/obsidian-lux-1_911/index.html"
"The Mistake (Off-Campus #2)","£43.29","http://books.toscrape.com/catalogue/obsidian-lux-1_911/index.html"
"Nightingale, Sing","£38.28","http://books.toscrape.com/catalogue/library-of-souls-miss-peregrines-peculiar-children-3_816/index.html"
"Library of Souls (Miss ...","£48.56","http://books.toscrape.com/catalogue/wild-swans_782/index.html"
"Scarlett Epstein Hates It ...","£43.55","http://books.toscrape.com/catalogue/wild-swans_782/index.html"
"A Fierce and Subtle ...","£28.13","http://books.toscrape.com/catalogue/wild-swans_782/index.html"
"A Fierce and Subtle ...","£28.13","http://books.toscrape.com/catalogue/scarlett-epstein-hates-it-here_828/index.html"
"Burning","£28.81","http://books.toscrape.com/catalogue/scarlett-epstein-hates-it-here_828/index.html"
"Obsidian (Lux #1)","£14.86","http://books.toscrape.com/catalogue/scarlett-epstein-hates-it-here_828/index.html"
"The Natural History of ...","£45.22","http://books.toscrape.com/catalogue/scarlett-epstein-hates-it-here_828/index.html"
"Off Sides (Off #1)","£39.45","http://books.toscrape.com/catalogue/scarlett-epstein-hates-it-here_828/index.html"
"Shameless","£58.35","http://books.toscrape.com/catalogue/scarlett-epstein-hates-it-here_828/index.html"
"Library of Souls (Miss ...","£48.56","http://books.toscrape.com/catalogue/frostbite-vampire-academy-2_810/index.html"
"Nightingale, Sing","£38.28","http://books.toscrape.com/catalogue/frostbite-vampire-academy-2_810/index.html"
"Scarlett Epstein Hates It ...","£43.55","http://books.toscrape.com/catalogue/frostbite-vampire-academy-2_810/index.html"
"A Fierce and Subtle ...","£28.13","http://books.toscrape.com/catalogue/frostbite-vampire-academy-2_810/index.html"
"Burning","£28.81","http://books.toscrape.com/catalogue/frostbite-vampire-academy-2_810/index.html"
"Obsidian (Lux #1)","£14.86","http://books.toscrape.com/catalogue/frostbite-vampire-academy-2_810/index.html"
"Scarlett Epstein Hates It ...","£43.55","http://books.toscrape.com/catalogue/nightingale-sing_823/index.html"
"A Fierce and Subtle ...","£28.13","http://books.toscrape.com/catalogue/nightingale-sing_823/index.html"
"Burning","£28.81","http://books.toscrape.com/catalogue/nightingale-sing_823/index.html"
"Obsidian (Lux #1)","£14.86","http://books.toscrape.com/catalogue/nightingale-sing_823/index.html"
"The Natural History of ...","£45.22","http://books.toscrape.com/catalogue/nightingale-sing_823/index.html"
"Off Sides (Off #1)","£39.45","http://books.toscrape.com/catalogue/nightingale-sing_823/index.html"
"Daring Greatly: How the ...","£19.43","http://books.toscrape.com/catalogue/category/books/nonfiction_13/page-2.html"
"Big Magic: Creative Living ...","£30.80","http://books.toscrape.com/catalogue/category/books/nonfiction_13/page-2.html"
"Agnostic: A Spirited Manifesto","£12.51","http://books.toscrape.com/catalogue/category/books/nonfiction_13/page-2.html"
"The Literature Book (Big ...","£17.43","http://books.toscrape.com/catalogue/category/books/nonfiction_13/page-2.html"
"Let It Out: A ...","£26.79","http://books.toscrape.com/catalogue/category/books/nonfiction_13/page-2.html"
"Far & Away: Places ...","£15.06","http://books.toscrape.com/catalogue/category/books/nonfiction_13/page-2.html"
"Buying In: The Secret ...","£37.80","http://books.toscrape.com/catalogue/category/books/nonfiction_13/page-2.html"
"Abstract City","£56.37","http://books.toscrape.com/catalogue/category/books/nonfiction_13/page-2.html"
"Wild Swans","£14.36","http://books.toscrape.com/catalogue/until-friday-night-the-field-party-1_775/index.html"
"Library of Souls (Miss ...","£48.56","http://books.toscrape.com/catalogue/until-friday-night-the-field-party-1_775/index.html"
"Scarlett Epstein Hates It ...","£43.55","http://books.toscrape.com/catalogue/until-friday-night-the-field-party-1_775/index.html"
"Until Friday Night (The ...","£46.31","http://books.toscrape.com/catalogue/this-is-where-it-ends_771/index.html"
"Wild Swans","£14.36","http://books.toscrape.com/catalogue/this-is-where-it-ends_771/index.html"
"Library of Souls (Miss ...","£48.56","http://books.toscrape.com/catalogue/this-is-where-it-ends_771/index.html"
"Nightingale, Sing","£38.28","http://books.toscrape.com/catalogue/this-is-where-it-ends_771/index.html"
"Scarlett Epstein Hates It ...","£43.55","http://books.toscrape.com/catalogue/this-is-where-it-ends_771/index.html"
"Library of Souls (Miss ...","£48.56","http://books.toscrape.com/catalogue/my-kind-of-crazy_718/index.html"
"Don't Get Caught","£55.35","http://books.toscrape.com/catalogue/catching-jordan-hundred-oaks_673/index.html"
"The Darkest Lie","£35.35","http://books.toscrape.com/catalogue/catching-jordan-hundred-oaks_673/index.html"
"Until Friday Night (The ...","£46.31","http://books.toscrape.com/catalogue/catching-jordan-hundred-oaks_673/index.html"
"This Is Where It ...","£27.12","http://books.toscrape.com/catalogue/the-darkest-lie_747/index.html"
"Until Friday Night (The ...","£46.31","http://books.toscrape.com/catalogue/the-darkest-lie_747/index.html"
"Library of Souls (Miss ...","£48.56","http://books.toscrape.com/catalogue/the-darkest-lie_747/index.html"
"Nightingale, Sing","£38.28","http://books.toscrape.com/catalogue/the-darkest-lie_747/index.html"
"My Kind of Crazy","£40.36","http://books.toscrape.com/catalogue/dont-get-caught_687/index.html"
"Until Friday Night (The ...","£46.31","http://books.toscrape.com/catalogue/dont-get-caught_687/index.html"
"Frostbite (Vampire Academy #2)","£29.99","http://books.toscrape.com/catalogue/dont-get-caught_687/index.html"
"The Emerald Mystery","£23.15","http://books.toscrape.com/catalogue/join_902/index.html"
"The Kite Runner","£41.82","http://books.toscrape.com/catalogue/join_902/index.html"
"The Psychopath Test: A ...","£36.00","http://books.toscrape.com/catalogue/join_902/index.html"
"The Secret (The Secret ...","£27.37","http://books.toscrape.com/catalogue/join_902/index.html"
"Join","£35.67","http://books.toscrape.com/catalogue/william-shakespeares-star-wars-verily-a-new-hope-william-shakespeares-star-wars-4_871/index.html"
"The Bridge to Consciousness: ...","£32.00","http://books.toscrape.com/catalogue/william-shakespeares-star-wars-verily-a-new-hope-william-shakespeares-star-wars-4_871/index.html"
"The Emerald Mystery","£23.15","http://books.toscrape.com/catalogue/william-shakespeares-star-wars-verily-a-new-hope-william-shakespeares-star-wars-4_871/index.html"
"The Girl on the ...","£55.02","http://books.toscrape.com/catalogue/william-shakespeares-star-wars-verily-a-new-hope-william-shakespeares-star-wars-4_871/index.html"
"The Kite Runner","£41.82","http://books.toscrape.com/catalogue/william-shakespeares-star-wars-verily-a-new-hope-william-shakespeares-star-wars-4_871/index.html"
"The Psychopath Test: A ...","£36.00","http://books.toscrape.com/catalogue/william-shakespeares-star-wars-verily-a-new-hope-william-shakespeares-star-wars-4_871/index.html"
"Catching Jordan (Hundred Oaks)","£50.83","http://books.toscrape.com/catalogue/aristotle-and-dante-discover-the-secrets-of-the-universe-aristotle-and-dante-discover-the-secrets-of-the-universe-1_663/index.html"
"Don't Get Caught","£55.35","http://books.toscrape.com/catalogue/aristotle-and-dante-discover-the-secrets-of-the-universe-aristotle-and-dante-discover-the-secrets-of-the-universe-1_663/index.html"
"My Kind of Crazy","£40.36","http://books.toscrape.com/catalogue/aristotle-and-dante-discover-the-secrets-of-the-universe-aristotle-and-dante-discover-the-secrets-of-the-universe-1_663/index.html"
"The Darkest Lie","£35.35","http://books.toscrape.com/catalogue/aristotle-and-dante-discover-the-secrets-of-the-universe-aristotle-and-dante-discover-the-secrets-of-the-universe-1_663/index.html"
"This Is Where It ...","£27.12","http://books.toscrape.com/catalogue/aristotle-and-dante-discover-the-secrets-of-the-universe-aristotle-and-dante-discover-the-secrets-of-the-universe-1_663/index.html"
"Until Friday Night (The ...","£46.31","http://books.toscrape.com/catalogue/aristotle-and-dante-discover-the-secrets-of-the-universe-aristotle-and-dante-discover-the-secrets-of-the-universe-1_663/index.html"
"William Shakespeare's Star Wars: ...","£43.30","http://books.toscrape.com/catalogue/the-project_856/index.html"
"Join","£35.67","http://books.toscrape.com/catalogue/the-project_856/index.html"
"The Bridge to Consciousness: ...","£32.00","http://books.toscrape.com/catalogue/the-project_856/index.html"
"The Emerald Mystery","£23.15","http://books.toscrape.com/catalogue/the-project_856/index.html"
"The Girl on the ...","£55.02","http://books.toscrape.com/catalogue/the-project_856/index.html"
"The Kite Runner","£41.82","http://books.toscrape.com/catalogue/the-project_856/index.html"
"Aristotle and Dante Discover ...","£58.14","http://books.toscrape.com/catalogue/the-epidemic-the-program-06_636/index.html"
"Don't Get Caught","£55.35","http://books.toscrape.com/catalogue/the-epidemic-the-program-06_636/index.html"
"The Darkest Lie","£35.35","http://books.toscrape.com/catalogue/the-epidemic-the-program-06_636/index.html"
"William Shakespeare's Star Wars: ...","£43.30","http://books.toscrape.com/catalogue/soft-apocalypse_833/index.html"
"The Bridge to Consciousness: ...","£32.00","http://books.toscrape.com/catalogue/soft-apocalypse_833/index.html"
"The Emerald Mystery","£23.15","http://books.toscrape.com/catalogue/soft-apocalypse_833/index.html"
"The Girl on the ...","£55.02","http://books.toscrape.com/catalogue/soft-apocalypse_833/index.html"
"Ready Player One","£19.07","http://books.toscrape.com/catalogue/life-the-universe-and-everything-hitchhikers-guide-to-the-galaxy-3_189/index.html"
"Foundation (Foundation (Publication Order) ...","£32.42","http://books.toscrape.com/catalogue/life-the-universe-and-everything-hitchhikers-guide-to-the-galaxy-3_189/index.html"
"Arena","£21.36","http://books.toscrape.com/catalogue/life-the-universe-and-everything-hitchhikers-guide-to-the-galaxy-3_189/index.html"
"Sleeping Giants (Themis Files ...","£48.74","http://books.toscrape.com/catalogue/life-the-universe-and-everything-hitchhikers-guide-to-the-galaxy-3_189/index.html"
"Soft Apocalypse","£26.12","http://books.toscrape.com/catalogue/life-the-universe-and-everything-hitchhikers-guide-to-the-galaxy-3_189/index.html"
"Life, the Universe and ...","£33.26","http://books.toscrape.com/catalogue/dune-dune-1_151/index.html"
"Ready Player One","£19.07","http://books.toscrape.com/catalogue/dune-dune-1_151/index.html"
"The Restaurant at the ...","£10.92","http://books.toscrape.com/catalogue/dune-dune-1_151/index.html"
"Soft Apocalypse","£26.12","http://books.toscrape.com/catalogue/arena_587/index.html"
"The Project","£10.65","http://books.toscrape.com/catalogue/arena_587/index.html"
"Join","£35.67","http://books.toscrape.com/catalogue/arena_587/index.html"
"The Bridge to Consciousness: ...","£32.00","http://books.toscrape.com/catalogue/arena_587/index.html"
"Exit, Pursued by a ...","£51.34","http://books.toscrape.com/catalogue/category/books/young-adult_21/page-2.html"
"Don't Forget Steven","£33.23","http://books.toscrape.com/catalogue/category/books/young-adult_21/page-2.html"
"South of Sunshine","£28.93","http://books.toscrape.com/catalogue/category/books/young-adult_21/page-2.html"
"My Life Next Door ...","£36.39","http://books.toscrape.com/catalogue/category/books/young-adult_21/page-2.html"
"Nightstruck: A Novel","£50.35","http://books.toscrape.com/catalogue/category/books/young-adult_21/page-2.html"
"Tell the Wolves I'm ...","£50.96","http://books.toscrape.com/catalogue/category/books/young-adult_21/page-2.html"
"Will Grayson, Will Grayson ...","£47.31","http://books.toscrape.com/catalogue/category/books/young-adult_21/page-2.html"
"Lola and the Boy ...","£23.63","http://books.toscrape.com/catalogue/category/books/young-adult_21/page-2.html"
"An Abundance of Katherines","£10.00","http://books.toscrape.com/catalogue/category/books/young-adult_21/page-2.html"
"Foundation (Foundation (Publication Order) ...","£32.42","http://books.toscrape.com/catalogue/the-restaurant-at-the-end-of-the-universe-hitchhikers-guide-to-the-galaxy-2_275/index.html"
"Arena","£21.36","http://books.toscrape.com/catalogue/the-restaurant-at-the-end-of-the-universe-hitchhikers-guide-to-the-galaxy-2_275/index.html"
"The Project","£10.65","http://books.toscrape.com/catalogue/the-restaurant-at-the-end-of-the-universe-hitchhikers-guide-to-the-galaxy-2_275/index.html"
"William Shakespeare's Star Wars: ...","£43.30","http://books.toscrape.com/catalogue/the-restaurant-at-the-end-of-the-universe-hitchhikers-guide-to-the-galaxy-2_275/index.html"
"Dune (Dune #1)","£54.86","http://books.toscrape.com/catalogue/do-androids-dream-of-electric-sheep-blade-runner-1_149/index.html"
"Life, the Universe and ...","£33.26","http://books.toscrape.com/catalogue/do-androids-dream-of-electric-sheep-blade-runner-1_149/index.html"
"Ready Player One","£19.07","http://books.toscrape.com/catalogue/do-androids-dream-of-electric-sheep-blade-runner-1_149/index.html"
"Foundation (Foundation (Publication Order) ...","£32.42","http://books.toscrape.com/catalogue/do-androids-dream-of-electric-sheep-blade-runner-1_149/index.html"
"Do Androids Dream of ...","£51.48","http://books.toscrape.com/catalogue/three-wishes-river-of-time-california-1_89/index.html"
"Dune (Dune #1)","£54.86","http://books.toscrape.com/catalogue/three-wishes-river-of-time-california-1_89/index.html"
"Life, the Universe and ...","£33.26","http://books.toscrape.com/catalogue/three-wishes-river-of-time-california-1_89/index.html"
"Three Wishes (River of ...","£44.18","http://books.toscrape.com/catalogue/the-last-girl-the-dominion-trilogy-1_70/index.html"
"Dune (Dune #1)","£54.86","http://books.toscrape.com/catalogue/the-last-girl-the-dominion-trilogy-1_70/index.html"
"Ready Player One","£19.07","http://books.toscrape.com/catalogue/the-last-girl-the-dominion-trilogy-1_70/index.html"
"Three Wishes (River of ...","£44.18","http://books.toscrape.com/catalogue/having-the-barbarians-baby-ice-planet-barbarians-75_23/index.html"
"Life, the Universe and ...","£33.26","http://books.toscrape.com/catalogue/having-the-barbarians-baby-ice-planet-barbarians-75_23/index.html"
"Ready Player One","£19.07","http://books.toscrape.com/catalogue/having-the-barbarians-baby-ice-planet-barbarians-75_23/index.html"
"You can't bury them ...","£33.63","http://books.toscrape.com/catalogue/slow-states-of-collapse-poems_960/index.html"
"The Selfish Gene","£29.45","http://books.toscrape.com/catalogue/slow-states-of-collapse-poems_960/index.html"
"Seven Brief Lessons on ...","£30.60","http://books.toscrape.com/catalogue/slow-states-of-collapse-poems_960/index.html"
"Surely You're Joking, Mr. ...","£25.83","http://books.toscrape.com/catalogue/slow-states-of-collapse-poems_960/index.html"
"The Disappearing Spoon: And ...","£57.35","http://books.toscrape.com/catalogue/slow-states-of-collapse-poems_960/index.html"
"The Elegant Universe: Superstrings, ...","£13.03","http://books.toscrape.com/catalogue/slow-states-of-collapse-poems_960/index.html"
"Night Sky with Exit ...","£41.05","http://books.toscrape.com/catalogue/salt_731/index.html"
"Poems That Make Grown ...","£14.19","http://books.toscrape.com/catalogue/salt_731/index.html"
"Untitled Collection: Sabbath Poems ...","£14.27","http://books.toscrape.com/catalogue/salt_731/index.html"
"Slow States of Collapse: ...","£57.31","http://books.toscrape.com/catalogue/salt_731/index.html"
"You can't bury them ...","£33.63","http://books.toscrape.com/catalogue/salt_731/index.html"
"The Selfish Gene","£29.45","http://books.toscrape.com/catalogue/salt_731/index.html"
"Slow States of Collapse: ...","£57.31","http://books.toscrape.com/catalogue/untitled-collection-sabbath-poems-2014_953/index.html"
"You can't bury them ...","£33.63","http://books.toscrape.com/catalogue/untitled-collection-sabbath-poems-2014_953/index.html"
"The Selfish Gene","£29.45","http://books.toscrape.com/catalogue/untitled-collection-sabbath-poems-2014_953/index.html"
"Seven Brief Lessons on ...","£30.60","http://books.toscrape.com/catalogue/untitled-collection-sabbath-poems-2014_953/index.html"
"Surely You're Joking, Mr. ...","£25.83","http://books.toscrape.com/catalogue/untitled-collection-sabbath-poems-2014_953/index.html"
"The Disappearing Spoon: And ...","£57.35","http://books.toscrape.com/catalogue/untitled-collection-sabbath-poems-2014_953/index.html"
"salt.","£46.78","http://books.toscrape.com/catalogue/quarter-life-poetry-poems-for-the-young-broke-and-hangry_727/index.html"
"Night Sky with Exit ...","£41.05","http://books.toscrape.com/catalogue/quarter-life-poetry-poems-for-the-young-broke-and-hangry_727/index.html"
"Poems That Make Grown ...","£14.19","http://books.toscrape.com/catalogue/quarter-life-poetry-poems-for-the-young-broke-and-hangry_727/index.html"
"Untitled Collection: Sabbath Poems ...","£14.27","http://books.toscrape.com/catalogue/quarter-life-poetry-poems-for-the-young-broke-and-hangry_727/index.html"
"Slow States of Collapse: ...","£57.31","http://books.toscrape.com/catalogue/quarter-life-poetry-poems-for-the-young-broke-and-hangry_727/index.html"
"You can't bury them ...","£33.63","http://books.toscrape.com/catalogue/quarter-life-poetry-poems-for-the-young-broke-and-hangry_727/index.html"
"Quarter Life Poetry: Poems ...","£50.89","http://books.toscrape.com/catalogue/out-of-print-city-lights-spotlight-no-14_536/index.html"
"salt.","£46.78","http://books.toscrape.com/catalogue/out-of-print-city-lights-spotlight-no-14_536/index.html"
"Night Sky with Exit ...","£41.05","http://books.toscrape.com/catalogue/out-of-print-city-lights-spotlight-no-14_536/index.html"
"Poems That Make Grown ...","£14.19","http://books.toscrape.com/catalogue/out-of-print-city-lights-spotlight-no-14_536/index.html"
"Untitled Collection: Sabbath Poems ...","£14.27","http://books.toscrape.com/catalogue/out-of-print-city-lights-spotlight-no-14_536/index.html"
"Slow States of Collapse: ...","£57.31","http://books.toscrape.com/catalogue/out-of-print-city-lights-spotlight-no-14_536/index.html"
"The Selfish Gene","£29.45","http://books.toscrape.com/catalogue/you-cant-bury-them-all-poems_961/index.html"
"Untitled Collection: Sabbath Poems ...","£14.27","http://books.toscrape.com/catalogue/poems-that-make-grown-women-cry_824/index.html"
"Slow States of Collapse: ...","£57.31","http://books.toscrape.com/catalogue/poems-that-make-grown-women-cry_824/index.html"
"The Selfish Gene","£29.45","http://books.toscrape.com/catalogue/poems-that-make-grown-women-cry_824/index.html"
"Seven Brief Lessons on ...","£30.60","http://books.toscrape.com/catalogue/poems-that-make-grown-women-cry_824/index.html"
"Surely You're Joking, Mr. ...","£25.83","http://books.toscrape.com/catalogue/poems-that-make-grown-women-cry_824/index.html"
"Les Fleurs du Mal","£29.04","http://books.toscrape.com/catalogue/howl-and-other-poems_522/index.html"
"Quarter Life Poetry: Poems ...","£50.89","http://books.toscrape.com/catalogue/howl-and-other-poems_522/index.html"
"Poems That Make Grown ...","£14.19","http://books.toscrape.com/catalogue/howl-and-other-poems_522/index.html"
"salt.","£46.78","http://books.toscrape.com/catalogue/les-fleurs-du-mal_530/index.html"
"You can't bury them ...","£33.63","http://books.toscrape.com/catalogue/night-sky-with-exit-wounds_822/index.html"
"Seven Brief Lessons on ...","£30.60","http://books.toscrape.com/catalogue/night-sky-with-exit-wounds_822/index.html"
"Out of Print: City ...","£53.64","http://books.toscrape.com/catalogue/leave-this-song-behind-teen-poetry-at-its-best_474/index.html"
"Quarter Life Poetry: Poems ...","£50.89","http://books.toscrape.com/catalogue/leave-this-song-behind-teen-poetry-at-its-best_474/index.html"
"Leave This Song Behind: ...","£51.17","http://books.toscrape.com/catalogue/the-collected-poems-of-wb-yeats-the-collected-works-of-wb-yeats-1_441/index.html"
"Howl and Other Poems","£40.45","http://books.toscrape.com/catalogue/the-collected-poems-of-wb-yeats-the-collected-works-of-wb-yeats-1_441/index.html"
"Les Fleurs du Mal","£29.04","http://books.toscrape.com/catalogue/the-collected-poems-of-wb-yeats-the-collected-works-of-wb-yeats-1_441/index.html"
"Out of Print: City ...","£53.64","http://books.toscrape.com/catalogue/the-collected-poems-of-wb-yeats-the-collected-works-of-wb-yeats-1_441/index.html"
"Quarter Life Poetry: Poems ...","£50.89","http://books.toscrape.com/catalogue/the-collected-poems-of-wb-yeats-the-collected-works-of-wb-yeats-1_441/index.html"
"salt.","£46.78","http://books.toscrape.com/catalogue/the-collected-poems-of-wb-yeats-the-collected-works-of-wb-yeats-1_441/index.html"
"The Collected Poems of ...","£15.42","http://books.toscrape.com/catalogue/the-crossover_398/index.html"
"Leave This Song Behind: ...","£51.17","http://books.toscrape.com/catalogue/the-crossover_398/index.html"
"Howl and Other Poems","£40.45","http://books.toscrape.com/catalogue/the-crossover_398/index.html"
"Les Fleurs du Mal","£29.04","http://books.toscrape.com/catalogue/the-crossover_398/index.html"
"Out of Print: City ...","£53.64","http://books.toscrape.com/catalogue/the-crossover_398/index.html"
"Quarter Life Poetry: Poems ...","£50.89","http://books.toscrape.com/catalogue/the-crossover_398/index.html"
"Booked","£17.49","http://books.toscrape.com/catalogue/twenty-love-poems-and-a-song-of-despair_91/index.html"
"The Crossover","£38.77","http://books.toscrape.com/catalogue/twenty-love-poems-and-a-song-of-despair_91/index.html"
"The Collected Poems of ...","£15.42","http://books.toscrape.com/catalogue/twenty-love-poems-and-a-song-of-despair_91/index.html"
"Leave This Song Behind: ...","£51.17","http://books.toscrape.com/catalogue/twenty-love-poems-and-a-song-of-despair_91/index.html"
"Howl and Other Poems","£40.45","http://books.toscrape.com/catalogue/twenty-love-poems-and-a-song-of-despair_91/index.html"
"Les Fleurs du Mal","£29.04","http://books.toscrape.com/catalogue/twenty-love-poems-and-a-song-of-despair_91/index.html"
"Twenty Love Poems and ...","£30.95","http://books.toscrape.com/catalogue/vampire-knight-vol-1-vampire-knight-1_93/index.html"
"Booked","£17.49","http://books.toscrape.com/catalogue/vampire-knight-vol-1-vampire-knight-1_93/index.html"
"The Crossover","£38.77","http://books.toscrape.com/catalogue/vampire-knight-vol-1-vampire-knight-1_93/index.html"
"The Collected Poems of ...","£15.42","http://books.toscrape.com/catalogue/vampire-knight-vol-1-vampire-knight-1_93/index.html"
"Leave This Song Behind: ...","£51.17","http://books.toscrape.com/catalogue/vampire-knight-vol-1-vampire-knight-1_93/index.html"
"Howl and Other Poems","£40.45","http://books.toscrape.com/catalogue/vampire-knight-vol-1-vampire-knight-1_93/index.html"
"The Mindfulness and Acceptance ...","£23.89","http://books.toscrape.com/catalogue/the-art-forger_930/index.html"
"The Torch Is Passed: ...","£19.09","http://books.toscrape.com/catalogue/the-art-forger_930/index.html"
"Icing (Aces Hockey #2)","£40.44","http://books.toscrape.com/catalogue/the-art-forger_930/index.html"
"Settling the Score (The ...","£44.91","http://books.toscrape.com/catalogue/the-art-forger_930/index.html"
"Sugar Rush (Offensive Line ...","£24.42","http://books.toscrape.com/catalogue/the-art-forger_930/index.html"
"Friday Night Lights: A ...","£51.22","http://books.toscrape.com/catalogue/the-art-forger_930/index.html"
"The Crossover","£38.77","http://books.toscrape.com/catalogue/booked_365/index.html"
"Leave This Song Behind: ...","£51.17","http://books.toscrape.com/catalogue/booked_365/index.html"
"Howl and Other Poems","£40.45","http://books.toscrape.com/catalogue/booked_365/index.html"
"Les Fleurs du Mal","£29.04","http://books.toscrape.com/catalogue/booked_365/index.html"
"Out of Print: City ...","£53.64","http://books.toscrape.com/catalogue/booked_365/index.html"
"Judo: Seven Steps to ...","£53.90","http://books.toscrape.com/catalogue/shobu-samurai-project-aryoku-3_830/index.html"
"On a Midnight Clear","£14.07","http://books.toscrape.com/catalogue/shobu-samurai-project-aryoku-3_830/index.html"
"Icing (Aces Hockey #2)","£40.44","http://books.toscrape.com/catalogue/shobu-samurai-project-aryoku-3_830/index.html"
"The White Queen (The ...","£25.91","http://books.toscrape.com/catalogue/the-immortal-life-of-henrietta-lacks_753/index.html"
"Shobu Samurai, Project Aryoku ...","£29.06","http://books.toscrape.com/catalogue/the-immortal-life-of-henrietta-lacks_753/index.html"
"Judo: Seven Steps to ...","£53.90","http://books.toscrape.com/catalogue/the-immortal-life-of-henrietta-lacks_753/index.html"
"On a Midnight Clear","£14.07","http://books.toscrape.com/catalogue/the-immortal-life-of-henrietta-lacks_753/index.html"
"The Immortal Life of ...","£40.67","http://books.toscrape.com/catalogue/the-dovekeepers_748/index.html"
"The Song of Achilles","£37.40","http://books.toscrape.com/catalogue/the-dovekeepers_748/index.html"
"Shobu Samurai, Project Aryoku ...","£29.06","http://books.toscrape.com/catalogue/the-dovekeepers_748/index.html"
"Judo: Seven Steps to ...","£53.90","http://books.toscrape.com/catalogue/the-dovekeepers_748/index.html"
"More Than Music (Chasing ...","£37.61","http://books.toscrape.com/catalogue/code-name-verity-code-name-verity-1_680/index.html"
"The Dovekeepers","£48.78","http://books.toscrape.com/catalogue/code-name-verity-code-name-verity-1_680/index.html"
"The Song of Achilles","£37.40","http://books.toscrape.com/catalogue/code-name-verity-code-name-verity-1_680/index.html"
"Shobu Samurai, Project Aryoku ...","£29.06","http://books.toscrape.com/catalogue/modern-romance_820/index.html"
"Judo: Seven Steps to ...","£53.90","http://books.toscrape.com/catalogue/modern-romance_820/index.html"
"On a Midnight Clear","£14.07","http://books.toscrape.com/catalogue/modern-romance_820/index.html"
"The Art Forger","£40.76","http://books.toscrape.com/catalogue/modern-romance_820/index.html"
"The Mindfulness and Acceptance ...","£23.89","http://books.toscrape.com/catalogue/modern-romance_820/index.html"
"Code Name Verity (Code ...","£22.13","http://books.toscrape.com/catalogue/angels-walking-angels-walking-1_662/index.html"
"The Dovekeepers","£48.78","http://books.toscrape.com/catalogue/angels-walking-angels-walking-1_662/index.html"
"The Immortal Life of ...","£40.67","http://books.toscrape.com/catalogue/angels-walking-angels-walking-1_662/index.html"
"The Dovekeepers","£48.78","http://books.toscrape.com/catalogue/more-than-music-chasing-the-dream-1_716/index.html"
"The Song of Achilles","£37.40","http://books.toscrape.com/catalogue/more-than-music-chasing-the-dream-1_716/index.html"
"Angels Walking (Angels Walking ...","£34.20","http://books.toscrape.com/catalogue/a-peoples-history-of-the-united-states_654/index.html"
"More Than Music (Chasing ...","£37.61","http://books.toscrape.com/catalogue/a-peoples-history-of-the-united-states_654/index.html"
"A Brush of Wings ...","£55.51","http://books.toscrape.com/catalogue/rook_647/index.html"
"A Series of Catastrophes ...","£56.48","http://books.toscrape.com/catalogue/rook_647/index.html"
"Angels Walking (Angels Walking ...","£34.20","http://books.toscrape.com/catalogue/rook_647/index.html"
"Code Name Verity (Code ...","£22.13","http://books.toscrape.com/catalogue/rook_647/index.html"
"The Midnight Watch: A ...","£26.20","http://books.toscrape.com/catalogue/unicorn-tracks_951/index.html"
"A Brush of Wings ...","£55.51","http://books.toscrape.com/catalogue/the-midnight-watch-a-novel-of-the-titanic-and-the-californian_640/index.html"
"A People's History of ...","£40.79","http://books.toscrape.com/catalogue/the-midnight-watch-a-novel-of-the-titanic-and-the-californian_640/index.html"
"Cell","£20.29","http://books.toscrape.com/catalogue/the-midnight-watch-a-novel-of-the-titanic-and-the-californian_640/index.html"
"Unicorn Tracks","£18.78","http://books.toscrape.com/catalogue/saga-volume-6-saga-collected-editions-6_924/index.html"
"The Midnight Watch: A ...","£26.20","http://books.toscrape.com/catalogue/saga-volume-6-saga-collected-editions-6_924/index.html"
"Rook","£37.86","http://books.toscrape.com/catalogue/saga-volume-6-saga-collected-editions-6_924/index.html"
"A Brush of Wings ...","£55.51","http://books.toscrape.com/catalogue/saga-volume-6-saga-collected-editions-6_924/index.html"
"A People's History of ...","£40.79","http://books.toscrape.com/catalogue/saga-volume-6-saga-collected-editions-6_924/index.html"
"Saga, Volume 6 (Saga ...","£25.02","http://books.toscrape.com/catalogue/princess-between-worlds-wide-awake-princess-5_919/index.html"
"Unicorn Tracks","£18.78","http://books.toscrape.com/catalogue/princess-between-worlds-wide-awake-princess-5_919/index.html"
"The Midnight Watch: A ...","£26.20","http://books.toscrape.com/catalogue/princess-between-worlds-wide-awake-princess-5_919/index.html"
"Rook","£37.86","http://books.toscrape.com/catalogue/princess-between-worlds-wide-awake-princess-5_919/index.html"
"A Brush of Wings ...","£55.51","http://books.toscrape.com/catalogue/princess-between-worlds-wide-awake-princess-5_919/index.html"
"A People's History of ...","£40.79","http://books.toscrape.com/catalogue/princess-between-worlds-wide-awake-princess-5_919/index.html"
"Code Name Verity (Code ...","£22.13","http://books.toscrape.com/catalogue/cell_674/index.html"
"More Than Music (Chasing ...","£37.61","http://books.toscrape.com/catalogue/cell_674/index.html"
"The Dovekeepers","£48.78","http://books.toscrape.com/catalogue/cell_674/index.html"
"The Song of Achilles","£37.40","http://books.toscrape.com/catalogue/cell_674/index.html"
"The White Queen (The ...","£25.91","http://books.toscrape.com/catalogue/cell_674/index.html"
"Saga, Volume 6 (Saga ...","£25.02","http://books.toscrape.com/catalogue/crown-of-midnight-throne-of-glass-2_888/index.html"
"The Midnight Watch: A ...","£26.20","http://books.toscrape.com/catalogue/crown-of-midnight-throne-of-glass-2_888/index.html"
"Unicorn Tracks","£18.78","http://books.toscrape.com/catalogue/masks-and-shadows_909/index.html"
"Rook","£37.86","http://books.toscrape.com/catalogue/masks-and-shadows_909/index.html"
"Angels Walking (Angels Walking ...","£34.20","http://books.toscrape.com/catalogue/a-series-of-catastrophes-and-miracles-a-true-story-of-love-science-and-cancer_655/index.html"
"Cell","£20.29","http://books.toscrape.com/catalogue/a-series-of-catastrophes-and-miracles-a-true-story-of-love-science-and-cancer_655/index.html"
"More Than Music (Chasing ...","£37.61","http://books.toscrape.com/catalogue/a-series-of-catastrophes-and-miracles-a-true-story-of-love-science-and-cancer_655/index.html"
"The Immortal Life of ...","£40.67","http://books.toscrape.com/catalogue/a-series-of-catastrophes-and-miracles-a-true-story-of-love-science-and-cancer_655/index.html"
"Hollow City (Miss Peregrine’s ...","£42.98","http://books.toscrape.com/catalogue/the-hidden-oracle-the-trials-of-apollo-1_752/index.html"
"The Glittering Court (The ...","£44.28","http://books.toscrape.com/catalogue/the-hidden-oracle-the-trials-of-apollo-1_752/index.html"
"Throne of Glass (Throne ...","£35.07","http://books.toscrape.com/catalogue/the-hidden-oracle-the-trials-of-apollo-1_752/index.html"
"A Court of Thorns ...","£52.37","http://books.toscrape.com/catalogue/the-hidden-oracle-the-trials-of-apollo-1_752/index.html"
"Avatar: The Last Airbender: ...","£28.09","http://books.toscrape.com/catalogue/the-hidden-oracle-the-trials-of-apollo-1_752/index.html"
"The Bane Chronicles (The ...","£44.73","http://books.toscrape.com/catalogue/island-of-dragons-unwanteds-7_705/index.html"
"The Star-Touched Queen","£46.02","http://books.toscrape.com/catalogue/island-of-dragons-unwanteds-7_705/index.html"
"The Glittering Court (The ...","£44.28","http://books.toscrape.com/catalogue/island-of-dragons-unwanteds-7_705/index.html"
"Throne of Glass (Throne ...","£35.07","http://books.toscrape.com/catalogue/island-of-dragons-unwanteds-7_705/index.html"
"Crown of Midnight (Throne ...","£43.29","http://books.toscrape.com/catalogue/avatar-the-last-airbender-smoke-and-shadow-part-3-smoke-and-shadow-3_881/index.html"
"Masks and Shadows","£56.40","http://books.toscrape.com/catalogue/avatar-the-last-airbender-smoke-and-shadow-part-3-smoke-and-shadow-3_881/index.html"
"Princess Between Worlds (Wide-Awake ...","£13.34","http://books.toscrape.com/catalogue/avatar-the-last-airbender-smoke-and-shadow-part-3-smoke-and-shadow-3_881/index.html"
"Saga, Volume 6 (Saga ...","£25.02","http://books.toscrape.com/catalogue/avatar-the-last-airbender-smoke-and-shadow-part-3-smoke-and-shadow-3_881/index.html"
"The Midnight Watch: A ...","£26.20","http://books.toscrape.com/catalogue/avatar-the-last-airbender-smoke-and-shadow-part-3-smoke-and-shadow-3_881/index.html"
"Hollow City (Miss Peregrine’s ...","£42.98","http://books.toscrape.com/catalogue/the-star-touched-queen_764/index.html"
"A Court of Thorns ...","£52.37","http://books.toscrape.com/catalogue/the-star-touched-queen_764/index.html"
"Avatar: The Last Airbender: ...","£28.09","http://books.toscrape.com/catalogue/the-star-touched-queen_764/index.html"
"City of Glass (The ...","£56.02","http://books.toscrape.com/catalogue/searching-for-meaning-in-gailana_648/index.html"
"Island of Dragons (Unwanteds ...","£29.65","http://books.toscrape.com/catalogue/searching-for-meaning-in-gailana_648/index.html"
"The Star-Touched Queen","£46.02","http://books.toscrape.com/catalogue/searching-for-meaning-in-gailana_648/index.html"
"Avatar: The Last Airbender: ...","£28.09","http://books.toscrape.com/catalogue/the-glittering-court-the-glittering-court-1_845/index.html"
"Crown of Midnight (Throne ...","£43.29","http://books.toscrape.com/catalogue/the-glittering-court-the-glittering-court-1_845/index.html"
"Masks and Shadows","£56.40","http://books.toscrape.com/catalogue/the-glittering-court-the-glittering-court-1_845/index.html"
"Island of Dragons (Unwanteds ...","£29.65","http://books.toscrape.com/catalogue/demigods-magicians-percy-and-annabeth-meet-the-kanes-percy-jackson-kane-chronicles-crossover-1-3_685/index.html"
"The Bane Chronicles (The ...","£44.73","http://books.toscrape.com/catalogue/demigods-magicians-percy-and-annabeth-meet-the-kanes-percy-jackson-kane-chronicles-crossover-1-3_685/index.html"
"The Hidden Oracle (The ...","£52.26","http://books.toscrape.com/catalogue/demigods-magicians-percy-and-annabeth-meet-the-kanes-percy-jackson-kane-chronicles-crossover-1-3_685/index.html"
"The Star-Touched Queen","£46.02","http://books.toscrape.com/catalogue/demigods-magicians-percy-and-annabeth-meet-the-kanes-percy-jackson-kane-chronicles-crossover-1-3_685/index.html"
"Hollow City (Miss Peregrine’s ...","£42.98","http://books.toscrape.com/catalogue/demigods-magicians-percy-and-annabeth-meet-the-kanes-percy-jackson-kane-chronicles-crossover-1-3_685/index.html"
"The Glittering Court (The ...","£44.28","http://books.toscrape.com/catalogue/demigods-magicians-percy-and-annabeth-meet-the-kanes-percy-jackson-kane-chronicles-crossover-1-3_685/index.html"
"Searching for Meaning in ...","£38.73","http://books.toscrape.com/catalogue/the-star-touched-queen_642/index.html"
"City of Glass (The ...","£56.02","http://books.toscrape.com/catalogue/the-star-touched-queen_642/index.html"
"Island of Dragons (Unwanteds ...","£29.65","http://books.toscrape.com/catalogue/the-star-touched-queen_642/index.html"
"Wall and Piece","£44.18","http://books.toscrape.com/catalogue/feathers-displays-of-brilliant-plumage_695/index.html"
"Twenty Love Poems and ...","£30.95","http://books.toscrape.com/catalogue/feathers-displays-of-brilliant-plumage_695/index.html"
"Booked","£17.49","http://books.toscrape.com/catalogue/feathers-displays-of-brilliant-plumage_695/index.html"
"The Collected Poems of ...","£15.42","http://books.toscrape.com/catalogue/feathers-displays-of-brilliant-plumage_695/index.html"
"The Crossover","£38.77","http://books.toscrape.com/catalogue/wall-and-piece_971/index.html"
"Leave This Song Behind: ...","£51.17","http://books.toscrape.com/catalogue/wall-and-piece_971/index.html"
"A Gathering of Shadows ...","£44.81","http://books.toscrape.com/catalogue/category/books/fantasy_19/page-2.html"
"The Raven Boys (The ...","£57.74","http://books.toscrape.com/catalogue/category/books/fantasy_19/page-2.html"
"The False Prince (The ...","£56.00","http://books.toscrape.com/catalogue/category/books/fantasy_19/page-2.html"
"Tell the Wind and ...","£45.51","http://books.toscrape.com/catalogue/category/books/fantasy_19/page-2.html"
"A Feast for Crows ...","£17.21","http://books.toscrape.com/catalogue/category/books/fantasy_19/page-2.html"
"The Demonists (Demonist #1)","£52.11","http://books.toscrape.com/catalogue/category/books/fantasy_19/page-2.html"
"Soldier (Talon #3)","£24.72","http://books.toscrape.com/catalogue/category/books/fantasy_19/page-2.html"
"Midnight Riot (Peter Grant/ ...","£55.46","http://books.toscrape.com/catalogue/category/books/fantasy_19/page-2.html"
"Heir to the Sky","£44.07","http://books.toscrape.com/catalogue/category/books/fantasy_19/page-2.html"
"Ash","£22.06","http://books.toscrape.com/catalogue/category/books/fantasy_19/page-2.html"
"The Story of Art","£41.14","http://books.toscrape.com/catalogue/ways-of-seeing_94/index.html"
"Feathers: Displays of Brilliant ...","£49.05","http://books.toscrape.com/catalogue/ways-of-seeing_94/index.html"
"A Series of Catastrophes ...","£56.48","http://books.toscrape.com/catalogue/a-brush-of-wings-angels-walking-3_651/index.html"
"Cell","£20.29","http://books.toscrape.com/catalogue/a-brush-of-wings-angels-walking-3_651/index.html"
"Civilization and Its Discontents","£59.95","http://books.toscrape.com/catalogue/approval-junkie-adventures-in-caring-too-much_363/index.html"
"Thinking, Fast and Slow","£21.14","http://books.toscrape.com/catalogue/approval-junkie-adventures-in-caring-too-much_363/index.html"
"A Shard of Ice ...","£56.63","http://books.toscrape.com/catalogue/kings-folly-the-kinsman-chronicles-1_473/index.html"
"Searching for Meaning in ...","£38.73","http://books.toscrape.com/catalogue/kings-folly-the-kinsman-chronicles-1_473/index.html"
"Demigods & Magicians: Percy ...","£37.51","http://books.toscrape.com/catalogue/kings-folly-the-kinsman-chronicles-1_473/index.html"
"Searching for Meaning in ...","£38.73","http://books.toscrape.com/catalogue/a-shard-of-ice-the-black-symphony-saga-1_558/index.html"
"The Bane Chronicles (The ...","£44.73","http://books.toscrape.com/catalogue/a-shard-of-ice-the-black-symphony-saga-1_558/index.html"
"Civilization and Its Discontents","£59.95","http://books.toscrape.com/catalogue/the-argonauts_837/index.html"
"An Unquiet Mind: A ...","£21.30","http://books.toscrape.com/catalogue/the-argonauts_837/index.html"
"It Didn't Start with ...","£56.27","http://books.toscrape.com/catalogue/the-argonauts_837/index.html"
"The Golden Condom: And ...","£39.43","http://books.toscrape.com/catalogue/the-argonauts_837/index.html"
"M Train","£27.18","http://books.toscrape.com/catalogue/lab-girl_595/index.html"
"Thinking, Fast and Slow","£21.14","http://books.toscrape.com/catalogue/lab-girl_595/index.html"
"An Unquiet Mind: A ...","£21.30","http://books.toscrape.com/catalogue/lab-girl_595/index.html"
"M Train","£27.18","http://books.toscrape.com/catalogue/lust-wonder_191/index.html"
"The Argonauts","£10.93","http://books.toscrape.com/catalogue/lust-wonder_191/index.html"
"Approval Junkie: Adventures in ...","£58.81","http://books.toscrape.com/catalogue/running-with-scissors_215/index.html"
"Lab Girl","£40.85","http://books.toscrape.com/catalogue/running-with-scissors_215/index.html"
"M Train","£27.18","http://books.toscrape.com/catalogue/running-with-scissors_215/index.html"
"8 Keys to Mental ...","£31.04","http://books.toscrape.com/catalogue/running-with-scissors_215/index.html"
"Lab Girl","£40.85","http://books.toscrape.com/catalogue/me-talk-pretty-one-day_193/index.html"
"8 Keys to Mental ...","£31.04","http://books.toscrape.com/catalogue/me-talk-pretty-one-day_193/index.html"
"Catastrophic Happiness: Finding Joy ...","£37.35","http://books.toscrape.com/catalogue/the-long-haul-diary-of-a-wimpy-kid-9_757/index.html"
"Lust & Wonder","£11.87","http://books.toscrape.com/catalogue/the-long-haul-diary-of-a-wimpy-kid-9_757/index.html"
"Thinking, Fast and Slow","£21.14","http://books.toscrape.com/catalogue/civilization-and-its-discontents_140/index.html"
"An Unquiet Mind: A ...","£21.30","http://books.toscrape.com/catalogue/civilization-and-its-discontents_140/index.html"
"It Didn't Start with ...","£56.27","http://books.toscrape.com/catalogue/civilization-and-its-discontents_140/index.html"
"The Golden Condom: And ...","£39.43","http://books.toscrape.com/catalogue/civilization-and-its-discontents_140/index.html"
"The Lucifer Effect: Understanding ...","£10.40","http://books.toscrape.com/catalogue/civilization-and-its-discontents_140/index.html"
"I Know What I'm ...","£25.98","http://books.toscrape.com/catalogue/dress-your-family-in-corduroy-and-denim_562/index.html"
"The Long Haul (Diary ...","£44.07","http://books.toscrape.com/catalogue/dress-your-family-in-corduroy-and-denim_562/index.html"
"Fifty Shades Freed (Fifty ...","£15.36","http://books.toscrape.com/catalogue/dress-your-family-in-corduroy-and-denim_562/index.html"
"A Heartbreaking Work of ...","£54.29","http://books.toscrape.com/catalogue/catastrophic-happiness-finding-joy-in-childhoods-messy-years_138/index.html"
"Lust & Wonder","£11.87","http://books.toscrape.com/catalogue/catastrophic-happiness-finding-joy-in-childhoods-messy-years_138/index.html"
"Me Talk Pretty One ...","£57.60","http://books.toscrape.com/catalogue/catastrophic-happiness-finding-joy-in-childhoods-messy-years_138/index.html"
"A Heartbreaking Work of ...","£54.29","http://books.toscrape.com/catalogue/old-school-diary-of-a-wimpy-kid-10_723/index.html"
"Life Without a Recipe","£59.04","http://books.toscrape.com/catalogue/old-school-diary-of-a-wimpy-kid-10_723/index.html"
"Lust & Wonder","£11.87","http://books.toscrape.com/catalogue/old-school-diary-of-a-wimpy-kid-10_723/index.html"
"Old School (Diary of ...","£11.83","http://books.toscrape.com/catalogue/hyperbole-and-a-half-unfortunate-situations-flawed-coping-mechanisms-mayhem-and-other-things-that-happened_702/index.html"
"The Long Haul (Diary ...","£44.07","http://books.toscrape.com/catalogue/hyperbole-and-a-half-unfortunate-situations-flawed-coping-mechanisms-mayhem-and-other-things-that-happened_702/index.html"
"Fifty Shades Freed (Fifty ...","£15.36","http://books.toscrape.com/catalogue/hyperbole-and-a-half-unfortunate-situations-flawed-coping-mechanisms-mayhem-and-other-things-that-happened_702/index.html"
"Catastrophic Happiness: Finding Joy ...","£37.35","http://books.toscrape.com/catalogue/hyperbole-and-a-half-unfortunate-situations-flawed-coping-mechanisms-mayhem-and-other-things-that-happened_702/index.html"
"A Heartbreaking Work of ...","£54.29","http://books.toscrape.com/catalogue/hyperbole-and-a-half-unfortunate-situations-flawed-coping-mechanisms-mayhem-and-other-things-that-happened_702/index.html"
"Toddlers Are A**holes: It's ...","£25.55","http://books.toscrape.com/catalogue/when-you-are-engulfed-in-flames_303/index.html"
"Hyperbole and a Half: ...","£14.75","http://books.toscrape.com/catalogue/when-you-are-engulfed-in-flames_303/index.html"
"I Know What I'm ...","£25.98","http://books.toscrape.com/catalogue/when-you-are-engulfed-in-flames_303/index.html"
"A Heartbreaking Work of ...","£54.29","http://books.toscrape.com/catalogue/i-know-what-im-doing-and-other-lies-i-tell-myself-dispatches-from-a-life-under-construction_704/index.html"
"Life Without a Recipe","£59.04","http://books.toscrape.com/catalogue/i-know-what-im-doing-and-other-lies-i-tell-myself-dispatches-from-a-life-under-construction_704/index.html"
"Tipping Point for Planet ...","£37.55","http://books.toscrape.com/catalogue/the-fabric-of-the-cosmos-space-time-and-the-texture-of-reality_572/index.html"
"Immunity: How Elie Metchnikoff ...","£57.36","http://books.toscrape.com/catalogue/the-fabric-of-the-cosmos-space-time-and-the-texture-of-reality_572/index.html"
"Stars Above (The Lunar ...","£48.05","http://books.toscrape.com/catalogue/the-fabric-of-the-cosmos-space-time-and-the-texture-of-reality_572/index.html"
"Naked","£31.69","http://books.toscrape.com/catalogue/holidays-on-ice_167/index.html"
"Dress Your Family in ...","£43.68","http://books.toscrape.com/catalogue/holidays-on-ice_167/index.html"
"Immunity: How Elie Metchnikoff ...","£57.36","http://books.toscrape.com/catalogue/sorting-the-beef-from-the-bull-the-science-of-food-fraud-forensics_736/index.html"
"Stars Above (The Lunar ...","£48.05","http://books.toscrape.com/catalogue/sorting-the-beef-from-the-bull-the-science-of-food-fraud-forensics_736/index.html"
"The Epidemic (The Program ...","£14.44","http://books.toscrape.com/catalogue/sorting-the-beef-from-the-bull-the-science-of-food-fraud-forensics_736/index.html"
"Aristotle and Dante Discover ...","£58.14","http://books.toscrape.com/catalogue/sorting-the-beef-from-the-bull-the-science-of-food-fraud-forensics_736/index.html"
"Sorting the Beef from ...","£44.74","http://books.toscrape.com/catalogue/tipping-point-for-planet-earth-how-close-are-we-to-the-edge_643/index.html"
"Immunity: How Elie Metchnikoff ...","£57.36","http://books.toscrape.com/catalogue/tipping-point-for-planet-earth-how-close-are-we-to-the-edge_643/index.html"
"The Most Perfect Thing: ...","£42.96","http://books.toscrape.com/catalogue/tipping-point-for-planet-earth-how-close-are-we-to-the-edge_643/index.html"
"Stars Above (The Lunar ...","£48.05","http://books.toscrape.com/catalogue/tipping-point-for-planet-earth-how-close-are-we-to-the-edge_643/index.html"
"The Epidemic (The Program ...","£14.44","http://books.toscrape.com/catalogue/tipping-point-for-planet-earth-how-close-are-we-to-the-edge_643/index.html"
"Aristotle and Dante Discover ...","£58.14","http://books.toscrape.com/catalogue/tipping-point-for-planet-earth-how-close-are-we-to-the-edge_643/index.html"
"Diary of a Citizen ...","£28.41","http://books.toscrape.com/catalogue/the-origin-of-species_499/index.html"
"The Fabric of the ...","£55.91","http://books.toscrape.com/catalogue/the-origin-of-species_499/index.html"
"Tipping Point for Planet ...","£37.55","http://books.toscrape.com/catalogue/the-origin-of-species_499/index.html"
"Sorting the Beef from ...","£44.74","http://books.toscrape.com/catalogue/the-origin-of-species_499/index.html"
"Immunity: How Elie Metchnikoff ...","£57.36","http://books.toscrape.com/catalogue/the-origin-of-species_499/index.html"
"The Most Perfect Thing: ...","£42.96","http://books.toscrape.com/catalogue/the-origin-of-species_499/index.html"
"The Grand Design","£13.76","http://books.toscrape.com/catalogue/peak-secrets-from-the-new-science-of-expertise_389/index.html"
"The Origin of Species","£10.01","http://books.toscrape.com/catalogue/peak-secrets-from-the-new-science-of-expertise_389/index.html"
"Diary of a Citizen ...","£28.41","http://books.toscrape.com/catalogue/peak-secrets-from-the-new-science-of-expertise_389/index.html"
"The Fabric of the ...","£55.91","http://books.toscrape.com/catalogue/peak-secrets-from-the-new-science-of-expertise_389/index.html"
"Tipping Point for Planet ...","£37.55","http://books.toscrape.com/catalogue/peak-secrets-from-the-new-science-of-expertise_389/index.html"
"Sorting the Beef from ...","£44.74","http://books.toscrape.com/catalogue/peak-secrets-from-the-new-science-of-expertise_389/index.html"
"Dress Your Family in ...","£43.68","http://books.toscrape.com/catalogue/toddlers-are-aholes-its-not-your-fault_503/index.html"
"Hyperbole and a Half: ...","£14.75","http://books.toscrape.com/catalogue/toddlers-are-aholes-its-not-your-fault_503/index.html"
"I Know What I'm ...","£25.98","http://books.toscrape.com/catalogue/toddlers-are-aholes-its-not-your-fault_503/index.html"
"Old School (Diary of ...","£11.83","http://books.toscrape.com/catalogue/toddlers-are-aholes-its-not-your-fault_503/index.html"
"The Long Haul (Diary ...","£44.07","http://books.toscrape.com/catalogue/toddlers-are-aholes-its-not-your-fault_503/index.html"
"Fifty Shades Freed (Fifty ...","£15.36","http://books.toscrape.com/catalogue/toddlers-are-aholes-its-not-your-fault_503/index.html"
"The Fabric of the ...","£55.91","http://books.toscrape.com/catalogue/diary-of-a-citizen-scientist-chasing-tiger-beetles-and-other-new-ways-of-engaging-the-world_517/index.html"
"Tipping Point for Planet ...","£37.55","http://books.toscrape.com/catalogue/diary-of-a-citizen-scientist-chasing-tiger-beetles-and-other-new-ways-of-engaging-the-world_517/index.html"
"Sorting the Beef from ...","£44.74","http://books.toscrape.com/catalogue/diary-of-a-citizen-scientist-chasing-tiger-beetles-and-other-new-ways-of-engaging-the-world_517/index.html"
"Immunity: How Elie Metchnikoff ...","£57.36","http://books.toscrape.com/catalogue/diary-of-a-citizen-scientist-chasing-tiger-beetles-and-other-new-ways-of-engaging-the-world_517/index.html"
"The Most Perfect Thing: ...","£42.96","http://books.toscrape.com/catalogue/diary-of-a-citizen-scientist-chasing-tiger-beetles-and-other-new-ways-of-engaging-the-world_517/index.html"
"Stars Above (The Lunar ...","£48.05","http://books.toscrape.com/catalogue/diary-of-a-cit